name,pokedex_number,abilities,classfication,defense,height_m,hp,sp_attack,sp_defense,speed,type1,type2,weight_kg,generation
Bulbasaur,1,"['Overgrow', 'Chlorophyll']",Seed Pokémon,49,0.7,45,65,65,45,grass,poison,6.9,1
Ivysaur,2,"['Overgrow', 'Chlorophyll']",Seed Pokémon,63,1,60,80,80,60,grass,poison,13,1
Venusaur,3,"['Overgrow', 'Chlorophyll']",Seed Pokémon,123,2,80,122,120,80,grass,poison,100,1
Charmander,4,"['Blaze', 'Solar Power']",Lizard Pokémon,43,0.6,39,60,50,65,fire,,8.5,1
Charmeleon,5,"['Blaze', 'Solar Power']",Flame Pokémon,58,1.1,58,80,65,80,fire,,19,1
Charizard,6,"['Blaze', 'Solar Power']",Flame Pokémon,78,1.7,78,159,115,100,fire,flying,90.5,1
Squirtle,7,"['Torrent', 'Rain Dish']",Tiny Turtle Pokémon,65,0.5,44,50,64,43,water,,9,1
Wartortle,8,"['Torrent', 'Rain Dish']",Turtle Pokémon,80,1,59,65,80,58,water,,22.5,1
Blastoise,9,"['Torrent', 'Rain Dish']",Shellfish Pokémon,120,1.6,79,135,115,78,water,,85.5,1
Caterpie,10,"['Shield Dust', 'Run Away']",Worm Pokémon,35,0.3,45,20,20,45,bug,,2.9,1
Metapod,11,['Shed Skin'],Cocoon Pokémon,55,0.7,50,25,25,30,bug,,9.9,1
Butterfree,12,"['Compoundeyes', 'Tinted Lens']",Butterfly Pokémon,50,1.1,60,90,80,70,bug,flying,32,1
Weedle,13,"['Shield Dust', 'Run Away']",Hairy Pokémon,30,0.3,40,20,20,50,bug,poison,3.2,1
Kakuna,14,['Shed Skin'],Cocoon Pokémon,50,0.6,45,25,25,35,bug,poison,10,1
Beedrill,15,"['Swarm', 'Sniper']",Poison Bee Pokémon,40,1,65,15,80,145,bug,poison,29.5,1
Pidgey,16,"['Keen Eye', 'Tangled Feet', 'Big Pecks']",Tiny Bird Pokémon,40,0.3,40,35,35,56,normal,flying,1.8,1
Pidgeotto,17,"['Keen Eye', 'Tangled Feet', 'Big Pecks']",Bird Pokémon,55,1.1,63,50,50,71,normal,flying,30,1
Pidgeot,18,"['Keen Eye', 'Tangled Feet', 'Big Pecks']",Bird Pokémon,80,1.5,83,135,80,121,normal,flying,39.5,1
Rattata,19,"['Run Away', 'Guts', 'Hustle', 'Gluttony', 'Hustle', 'Thick Fat']",Mouse Pokémon,35,,30,25,35,72,normal,dark,,1
Raticate,20,"['Run Away', 'Guts', 'Hustle', 'Gluttony', 'Hustle', 'Thick Fat']",Mouse Pokémon,70,,75,40,80,77,normal,dark,,1
Spearow,21,"['Keen Eye', 'Sniper']",Tiny Bird Pokémon,30,0.3,40,31,31,70,normal,flying,2,1
Fearow,22,"['Keen Eye', 'Sniper']",Beak Pokémon,65,1.2,65,61,61,100,normal,flying,38,1
Ekans,23,"['Intimidate', 'Shed Skin', 'Unnerve']",Snake Pokémon,44,2,35,40,54,55,poison,,6.9,1
Arbok,24,"['Intimidate', 'Shed Skin', 'Unnerve']",Cobra Pokémon,69,3.5,60,65,79,80,poison,,65,1
Pikachu,25,"['Static', 'Lightningrod']",Mouse Pokémon,40,0.4,35,50,50,90,electric,,6,1
Raichu,26,"['Static', 'Lightningrod', 'Surge Surfer']",Mouse Pokémon,50,,60,95,85,110,electric,electric,,1
Sandshrew,27,"['Sand Veil', 'Sand Rush', 'Snow Cloak', 'Slush Rush']",Mouse Pokémon,90,,50,10,35,40,ground,ice,,1
Sandslash,28,"['Sand Veil', 'Sand Rush', 'Snow Cloak', 'Slush Rush']",Mouse Pokémon,120,,75,25,65,65,ground,ice,,1
Nidoran♀,29,"['Poison Point', 'Rivalry', 'Hustle']",Poison Pin Pokémon,52,0.4,55,40,40,41,poison,,7,1
Nidorina,30,"['Poison Point', 'Rivalry', 'Hustle']",Poison Pin Pokémon,67,0.8,70,55,55,56,poison,,20,1
Nidoqueen,31,"['Poison Point', 'Rivalry', 'Sheer Force']",Drill Pokémon,87,1.3,90,75,85,76,poison,ground,60,1
Nidoran♂,32,"['Poison Point', 'Rivalry', 'Hustle']",Poison Pin Pokémon,40,0.5,46,40,40,50,poison,,9,1
Nidorino,33,"['Poison Point', 'Rivalry', 'Hustle']",Poison Pin Pokémon,57,0.9,61,55,55,65,poison,,19.5,1
Nidoking,34,"['Poison Point', 'Rivalry', 'Sheer Force']",Drill Pokémon,77,1.4,81,85,75,85,poison,ground,62,1
Clefairy,35,"['Cute Charm', 'Magic Guard', 'Friend Guard']",Fairy Pokémon,48,0.6,70,60,65,35,fairy,,7.5,1
Clefable,36,"['Cute Charm', 'Magic Guard', 'Unaware']",Fairy Pokémon,73,1.3,95,95,90,60,fairy,,40,1
Vulpix,37,"['Flash Fire', 'Drought', 'Snow Cloak', 'Snow Warning']",Fox Pokémon,40,,38,50,65,65,fire,ice,,1
Ninetales,38,"['Flash Fire', 'Drought', 'Snow Cloak', 'Snow Warning']",Fox Pokémon,75,,73,81,100,109,fire,ice,,1
Jigglypuff,39,"['Cute Charm', 'Competitive', 'Friend Guard']",Balloon Pokémon,20,0.5,115,45,25,20,normal,fairy,5.5,1
Wigglytuff,40,"['Cute Charm', 'Competitive', 'Frisk']",Balloon Pokémon,45,1,140,85,50,45,normal,fairy,12,1
Zubat,41,"['Inner Focus', 'Infiltrator']",Bat Pokémon,35,0.8,40,30,40,55,poison,flying,7.5,1
Golbat,42,"['Inner Focus', 'Infiltrator']",Bat Pokémon,70,1.6,75,65,75,90,poison,flying,55,1
Oddish,43,"['Chlorophyll', 'Run Away']",Weed Pokémon,55,0.5,45,75,65,30,grass,poison,5.4,1
Gloom,44,"['Chlorophyll', 'Stench']",Weed Pokémon,70,0.8,60,85,75,40,grass,poison,8.6,1
Vileplume,45,"['Chlorophyll', 'Effect Spore']",Flower Pokémon,85,1.2,75,110,90,50,grass,poison,18.6,1
Paras,46,"['Effect Spore', 'Dry Skin', 'Damp']",Mushroom Pokémon,55,0.3,35,45,55,25,bug,grass,5.4,1
Parasect,47,"['Effect Spore', 'Dry Skin', 'Damp']",Mushroom Pokémon,80,1,60,60,80,30,bug,grass,29.5,1
Venonat,48,"['Compoundeyes', 'Tinted Lens', 'Run Away']",Insect Pokémon,50,1,60,40,55,45,bug,poison,30,1
Venomoth,49,"['Shield Dust', 'Tinted Lens', 'Wonder Skin ']",Poison Moth Pokémon,60,1.5,70,90,75,90,bug,poison,12.5,1
Diglett,50,"['Sand Veil', 'Arena Trap', 'Sand Force', 'Sand Veil', 'Tangling Hair', 'Sand Force']",Mole Pokémon,30,,10,35,45,90,ground,ground,,1
Dugtrio,51,"['Sand Veil', 'Arena Trap', 'Sand Force', 'Sand Veil', 'Tangling Hair', 'Sand Force']",Mole Pokémon,60,,35,50,70,110,ground,ground,,1
Meowth,52,"['Pickup', 'Technician', 'Unnerve', 'Pickup', 'Technician', 'Rattled']",Scratch Cat Pokémon,35,,40,50,40,90,normal,dark,,1
Persian,53,"['Limber', 'Technician', 'Unnerve', 'Fur Coat', 'Technician', 'Rattled']",Classy Cat Pokémon,60,,65,75,65,115,normal,dark,,1
Psyduck,54,"['Damp', 'Cloud Nine', 'Swift Swim']",Duck Pokémon,48,0.8,50,65,50,55,water,,19.6,1
Golduck,55,"['Damp', 'Cloud Nine', 'Swift Swim']",Duck Pokémon,78,1.7,80,95,80,85,water,,76.6,1
Mankey,56,"['Vital Spirit', 'Anger Point', 'Defiant']",Pig Monkey Pokémon,35,0.5,40,35,45,70,fighting,,28,1
Primeape,57,"['Vital Spirit', 'Anger Point', 'Defiant']",Pig Monkey Pokémon,60,1,65,60,70,95,fighting,,32,1
Growlithe,58,"['Intimidate', 'Flash Fire', 'Justified']",Puppy Pokémon,45,0.7,55,70,50,60,fire,,19,1
Arcanine,59,"['Intimidate', 'Flash Fire', 'Justified']",Legendary Pokémon,80,1.9,90,100,80,95,fire,,155,1
Poliwag,60,"['Water Absorb', 'Damp', 'Swift Swim']",Tadpole Pokémon,40,0.6,40,40,40,90,water,,12.4,1
Poliwhirl,61,"['Water Absorb', 'Damp', 'Swift Swim']",Tadpole Pokémon,65,1,65,50,50,90,water,,20,1
Poliwrath,62,"['Water Absorb', 'Damp', 'Swift Swim']",Tadpole Pokémon,95,1.3,90,70,90,70,water,fighting,54,1
Abra,63,"['Synchronize', 'Inner Focus', 'Magic Guard']",Psi Pokémon,15,0.9,25,105,55,90,psychic,,19.5,1
Kadabra,64,"['Synchronize', 'Inner Focus', 'Magic Guard']",Psi Pokémon,30,1.3,40,120,70,105,psychic,,56.5,1
Alakazam,65,"['Synchronize', 'Inner Focus', 'Magic Guard']",Psi Pokémon,65,1.5,55,175,105,150,psychic,,48,1
Machop,66,"['Guts', 'No Guard', 'Steadfast']",Superpower Pokémon,50,0.8,70,35,35,35,fighting,,19.5,1
Machoke,67,"['Guts', 'No Guard', 'Steadfast']",Superpower Pokémon,70,1.5,80,50,60,45,fighting,,70.5,1
Machamp,68,"['Guts', 'No Guard', 'Steadfast']",Superpower Pokémon,80,1.6,90,65,85,55,fighting,,130,1
Bellsprout,69,"['Chlorophyll', 'Gluttony']",Flower Pokémon,35,0.7,50,70,30,40,grass,poison,4,1
Weepinbell,70,"['Chlorophyll', 'Gluttony']",Flycatcher Pokémon,50,1,65,85,45,55,grass,poison,6.4,1
Victreebel,71,"['Chlorophyll', 'Gluttony']",Flycatcher Pokémon,65,1.7,80,100,70,70,grass,poison,15.5,1
Tentacool,72,"['Clear Body', 'Liquid Ooze', 'Rain Dish']",Jellyfish Pokémon,35,0.9,40,50,100,70,water,poison,45.5,1
Tentacruel,73,"['Clear Body', 'Liquid Ooze', 'Rain Dish']",Jellyfish Pokémon,65,1.6,80,80,120,100,water,poison,55,1
Geodude,74,"['Rock Head', 'Sturdy', 'Sand Veil', 'Magnet Pull', 'Sturdy', 'Galvanize']",Rock Pokémon,100,,40,30,30,20,rock,ground,,1
Graveler,75,"['Rock Head', 'Sturdy', 'Sand Veil', 'Magnet Pull', 'Sturdy', 'Galvanize']",Rock Pokémon,115,,55,45,45,35,rock,ground,,1
Golem,76,"['Rock Head', 'Sturdy', 'Sand Veil', 'Magnet Pull', 'Sturdy', 'Galvanize']",Megaton Pokémon,130,,80,55,65,45,rock,ground,,1
Ponyta,77,"['Run Away', 'Flash Fire', 'Flame Body']",Fire Horse Pokémon,55,1,50,65,65,90,fire,,30,1
Rapidash,78,"['Run Away', 'Flash Fire', 'Flame Body']",Fire Horse Pokémon,70,1.7,65,80,80,105,fire,,95,1
Slowpoke,79,"['Oblivious', 'Own Tempo', 'Regenerator']",Dopey Pokémon,65,1.2,90,40,40,15,water,psychic,36,1
Slowbro,80,"['Oblivious', 'Own Tempo', 'Regenerator']",Hermit Crab Pokémon,180,1.6,95,130,80,30,water,psychic,78.5,1
Magnemite,81,"['Magnet Pull', 'Sturdy', 'Analytic']",Magnet Pokémon,70,0.3,25,95,55,45,electric,steel,6,1
Magneton,82,"['Magnet Pull', 'Sturdy', 'Analytic']",Magnet Pokémon,95,1,50,120,70,70,electric,steel,60,1
Farfetch'd,83,"['Keen Eye', 'Inner Focus', 'Defiant']",Wild Duck Pokémon,55,0.8,52,58,62,60,normal,flying,15,1
Doduo,84,"['Run Away', 'Early Bird', 'Tangled Feet']",Twin Bird Pokémon,45,1.4,35,35,35,75,normal,flying,39.2,1
Dodrio,85,"['Run Away', 'Early Bird', 'Tangled Feet']",Triple Bird Pokémon,70,1.8,60,60,60,110,normal,flying,85.2,1
Seel,86,"['Thick Fat', 'Hydration', 'Ice Body']",Sea Lion Pokémon,55,1.1,65,45,70,45,water,,90,1
Dewgong,87,"['Thick Fat', 'Hydration', 'Ice Body']",Sea Lion Pokémon,80,1.7,90,70,95,70,water,ice,120,1
Grimer,88,"['Stench', 'Sticky Hold', 'Poison Touch', 'Poison Touch', 'Gluttony', 'Power of Alchemy']",Sludge Pokémon,50,,80,40,50,25,poison,poison,,1
Muk,89,"['Stench', 'Sticky Hold', 'Poison Touch', 'Poison Touch', 'Gluttony', 'Power of Alchemy']",Sludge Pokémon,75,,105,65,100,50,poison,poison,,1
Shellder,90,"['Shell Armor', 'Skill Link', 'Overcoat']",Bivalve Pokémon,100,0.3,30,45,25,40,water,,4,1
Cloyster,91,"['Shell Armor', 'Skill Link', 'Overcoat']",Bivalve Pokémon,180,1.5,50,85,45,70,water,ice,132.5,1
Gastly,92,['Levitate'],Gas Pokémon,30,1.3,30,100,35,80,ghost,poison,0.1,1
Haunter,93,['Levitate'],Gas Pokémon,45,1.6,45,115,55,95,ghost,poison,0.1,1
Gengar,94,['Cursed Body'],Shadow Pokémon,80,1.5,60,170,95,130,ghost,poison,40.5,1
Onix,95,"['Rock Head', 'Sturdy', 'Weak Armor']",Rock Snake Pokémon,160,8.8,35,30,45,70,rock,ground,210,1
Drowzee,96,"['Insomnia', 'Forewarn', 'Inner Focus']",Hypnosis Pokémon,45,1,60,43,90,42,psychic,,32.4,1
Hypno,97,"['Insomnia', 'Forewarn', 'Inner Focus']",Hypnosis Pokémon,70,1.6,85,73,115,67,psychic,,75.6,1
Krabby,98,"['Hyper Cutter', 'Shell Armor', 'Sheer Force']",River Crab Pokémon,90,0.4,30,25,25,50,water,,6.5,1
Kingler,99,"['Hyper Cutter', 'Shell Armor', 'Sheer Force']",Pincer Pokémon,115,1.3,55,50,50,75,water,,60,1
Voltorb,100,"['Soundproof', 'Static', 'Aftermath']",Ball Pokémon,50,0.5,40,55,55,100,electric,,10.4,1
Electrode,101,"['Soundproof', 'Static', 'Aftermath']",Ball Pokémon,70,1.2,60,80,80,150,electric,,66.6,1
Exeggcute,102,"['Chlorophyll', 'Harvest']",Egg Pokémon,80,0.4,60,60,45,40,grass,psychic,2.5,1
Exeggutor,103,"['Chlorophyll', 'Harvest', 'Frisk', 'Harvest']",Coconut Pokémon,85,,95,125,75,45,grass,psychic,,1
Cubone,104,"['Rock Head', 'Lightningrod', 'Battle Armor']",Lonely Pokémon,95,0.4,50,40,50,35,ground,,6.5,1
Marowak,105,"['Rock Head', 'Lightningrod', 'Battle Armor', 'Cursed Body', 'Lightningrod', 'Rock Head']",Bone Keeper Pokémon,110,,60,50,80,45,ground,fire,,1
Hitmonlee,106,"['Limber', 'Reckless', 'Unburden']",Kicking Pokémon,53,1.5,50,35,110,87,fighting,,49.8,1
Hitmonchan,107,"['Keen Eye', 'Iron Fist', 'Inner Focus']",Punching Pokémon,79,1.4,50,35,110,76,fighting,,50.2,1
Lickitung,108,"['Own Tempo', 'Oblivious', 'Cloud Nine']",Licking Pokémon,75,1.2,90,60,75,30,normal,,65.5,1
Koffing,109,['Levitate'],Poison Gas Pokémon,95,0.6,40,60,45,35,poison,,1,1
Weezing,110,['Levitate'],Poison Gas Pokémon,120,1.2,65,85,70,60,poison,,9.5,1
Rhyhorn,111,"['Lightningrod', 'Rock Head', 'Reckless']",Spikes Pokémon,95,1,80,30,30,25,ground,rock,115,1
Rhydon,112,"['Lightningrod', 'Rock Head', 'Reckless']",Drill Pokémon,120,1.9,105,45,45,40,ground,rock,120,1
Chansey,113,"['Natural Cure', 'Serene Grace', 'Healer']",Egg Pokémon,5,1.1,250,35,105,50,normal,,34.6,1
Tangela,114,"['Chlorophyll', 'Leaf Guard', 'Regenerator']",Vine Pokémon,115,1,65,100,40,60,grass,,35,1
Kangaskhan,115,"['Early Bird', 'Scrappy', 'Inner Focus']",Parent Pokémon,100,2.2,105,60,100,100,normal,,80,1
Horsea,116,"['Swift Swim', 'Sniper', 'Damp']",Dragon Pokémon,70,0.4,30,70,25,60,water,,8,1
Seadra,117,"['Poison Point', 'Sniper', 'Damp']",Dragon Pokémon,95,1.2,55,95,45,85,water,,25,1
Goldeen,118,"['Swift Swim', 'Water Veil', 'Lightningrod']",Goldfish Pokémon,60,0.6,45,35,50,63,water,,15,1
Seaking,119,"['Swift Swim', 'Water Veil', 'Lightningrod']",Goldfish Pokémon,65,1.3,80,65,80,68,water,,39,1
Staryu,120,"['Illuminate', 'Natural Cure', 'Analytic']",Starshape Pokémon,55,0.8,30,70,55,85,water,,34.5,1
Starmie,121,"['Illuminate', 'Natural Cure', 'Analytic']",Mysterious Pokémon,85,1.1,60,100,85,115,water,psychic,80,1
Mr. Mime,122,"['Soundproof', 'Filter', 'Technician']",Barrier Pokémon,65,1.3,40,100,120,90,psychic,fairy,54.5,1
Scyther,123,"['Swarm', 'Technician', 'Steadfast']",Mantis Pokémon,80,1.5,70,55,80,105,bug,flying,56,1
Jynx,124,"['Oblivious', 'Forewarn', 'Dry Skin']",Humanshape Pokémon,35,1.4,65,115,95,95,ice,psychic,40.6,1
Electabuzz,125,"['Static', 'Vital Spirit']",Electric Pokémon,57,1.1,65,95,85,105,electric,,30,1
Magmar,126,"['Flame Body', 'Vital Spirit']",Spitfire Pokémon,57,1.3,65,100,85,93,fire,,44.5,1
Pinsir,127,"['Hyper Cutter', 'Mold Breaker', 'Moxie']",Stagbeetle Pokémon,120,1.5,65,65,90,105,bug,,55,1
Tauros,128,"['Intimidate', 'Anger Point', 'Sheer Force']",Wild Bull Pokémon,95,1.4,75,40,70,110,normal,,88.4,1
Magikarp,129,"['Swift Swim', 'Rattled']",Fish Pokémon,55,0.9,20,15,20,80,water,,10,1
Gyarados,130,"['Intimidate', 'Moxie']",Atrocious Pokémon,109,6.5,95,70,130,81,water,flying,235,1
Lapras,131,"['Water Absorb', 'Shell Armor', 'Hydration']",Transport Pokémon,80,2.5,130,85,95,60,water,ice,220,1
Ditto,132,"['Limber', 'Imposter']",Transform Pokémon,48,0.3,48,48,48,48,normal,,4,1
Eevee,133,"['Run Away', 'Adaptability', 'Anticipation']",Evolution Pokémon,50,0.3,55,45,65,55,normal,,6.5,1
Vaporeon,134,"['Water Absorb', 'Hydration']",Bubble Jet Pokémon,60,1,130,110,95,65,water,,29,1
Jolteon,135,"['Volt Absorb', 'Quick Feet']",Lightning Pokémon,60,0.8,65,110,95,130,electric,,24.5,1
Flareon,136,"['Flash Fire', 'Guts']",Flame Pokémon,60,0.9,65,95,110,65,fire,,25,1
Porygon,137,"['Trace', 'Download', 'Analytic']",Virtual Pokémon,70,0.8,65,85,75,40,normal,,36.5,1
Omanyte,138,"['Swift Swim', 'Shell Armor', 'Weak Armor']",Spiral Pokémon,100,0.4,35,90,55,35,rock,water,7.5,1
Omastar,139,"['Swift Swim', 'Shell Armor', 'Weak Armor']",Spiral Pokémon,125,1,70,115,70,55,rock,water,35,1
Kabuto,140,"['Swift Swim', 'Battle Armor', 'Weak Armor']",Shellfish Pokémon,90,0.5,30,55,45,55,rock,water,11.5,1
Kabutops,141,"['Swift Swim', 'Battle Armor', 'Weak Armor']",Shellfish Pokémon,105,1.3,60,65,70,80,rock,water,40.5,1
Aerodactyl,142,"['Rock Head', 'Pressure', 'Unnerve']",Fossil Pokémon,85,1.8,80,70,95,150,rock,flying,59,1
Snorlax,143,"['Immunity', 'Thick Fat', 'Gluttony']",Sleeping Pokémon,65,2.1,160,65,110,30,normal,,460,1
Articuno,144,"['Pressure', 'Snow Cloak']",Freeze Pokémon,100,1.7,90,95,125,85,ice,flying,55.4,1
Zapdos,145,"['Pressure', 'Static']",Electric Pokémon,85,1.6,90,125,90,100,electric,flying,52.6,1
Moltres,146,"['Pressure', 'Flame Body']",Flame Pokémon,90,2,90,125,85,90,fire,flying,60,1
Dratini,147,"['Shed Skin', 'Marvel Scale']",Dragon Pokémon,45,1.8,41,50,50,50,dragon,,3.3,1
Dragonair,148,"['Shed Skin', 'Marvel Scale']",Dragon Pokémon,65,4,61,70,70,70,dragon,,16.5,1
Dragonite,149,"['Inner Focus', 'Multiscale']",Dragon Pokémon,95,2.2,91,100,100,80,dragon,flying,210,1
Mewtwo,150,"['Pressure', 'Unnerve']",Genetic Pokémon,70,2,106,194,120,140,psychic,,122,1
Mew,151,['Synchronize'],New Species Pokémon,100,0.4,100,100,100,100,psychic,,4,1
Chikorita,152,"['Overgrow', 'Leaf Guard']",Leaf Pokémon,65,0.9,45,49,65,45,grass,,6.4,2
Bayleef,153,"['Overgrow', 'Leaf Guard']",Leaf Pokémon,80,1.2,60,63,80,60,grass,,15.8,2
Meganium,154,"['Overgrow', 'Leaf Guard']",Herb Pokémon,100,1.8,80,83,100,80,grass,,100.5,2
Cyndaquil,155,"['Blaze', 'Flash Fire']",Fire Mouse Pokémon,43,0.5,39,60,50,65,fire,,7.9,2
Quilava,156,"['Blaze', 'Flash Fire']",Volcano Pokémon,58,0.9,58,80,65,80,fire,,19,2
Typhlosion,157,"['Blaze', 'Flash Fire']",Volcano Pokémon,78,1.7,78,109,85,100,fire,,79.5,2
Totodile,158,"['Torrent', 'Sheer Force']",Big Jaw Pokémon,64,0.6,50,44,48,43,water,,9.5,2
Croconaw,159,"['Torrent', 'Sheer Force']",Big Jaw Pokémon,80,1.1,65,59,63,58,water,,25,2
Feraligatr,160,"['Torrent', 'Sheer Force']",Big Jaw Pokémon,100,2.3,85,79,83,78,water,,88.8,2
Sentret,161,"['Run Away', 'Keen Eye', 'Frisk']",Scout Pokémon,34,0.8,35,35,45,20,normal,,6,2
Furret,162,"['Run Away', 'Keen Eye', 'Frisk']",Long Body Pokémon,64,1.8,85,45,55,90,normal,,32.5,2
Hoothoot,163,"['Insomnia', 'Keen Eye', 'Tinted Lens']",Owl Pokémon,30,0.7,60,36,56,50,normal,flying,21.2,2
Noctowl,164,"['Insomnia', 'Keen Eye', 'Tinted Lens']",Owl Pokémon,50,1.6,100,86,96,70,normal,flying,40.8,2
Ledyba,165,"['Swarm', 'Early Bird', 'Rattled']",Five Star Pokémon,30,1,40,40,80,55,bug,flying,10.8,2
Ledian,166,"['Swarm', 'Early Bird', 'Iron Fist']",Five Star Pokémon,50,1.4,55,55,110,85,bug,flying,35.6,2
Spinarak,167,"['Swarm', 'Insomnia', 'Sniper']",String Spit Pokémon,40,0.5,40,40,40,30,bug,poison,8.5,2
Ariados,168,"['Swarm', 'Insomnia', 'Sniper']",Long Leg Pokémon,70,1.1,70,60,70,40,bug,poison,33.5,2
Crobat,169,"['Inner Focus', 'Infiltrator']",Bat Pokémon,80,1.8,85,70,80,130,poison,flying,75,2
Chinchou,170,"['Volt Absorb', 'Illuminate', 'Water Absorb']",Angler Pokémon,38,0.5,75,56,56,67,water,electric,12,2
Lanturn,171,"['Volt Absorb', 'Illuminate', 'Water Absorb']",Light Pokémon,58,1.2,125,76,76,67,water,electric,22.5,2
Pichu,172,"['Static', 'Lightningrod']",Tiny Mouse Pokémon,15,0.3,20,35,35,60,electric,,2,2
Cleffa,173,"['Cute Charm', 'Magic Guard', 'Friend Guard']",Star Shape Pokémon,28,0.3,50,45,55,15,fairy,,3,2
Igglybuff,174,"['Cute Charm', 'Competitive', 'Friend Guard']",Balloon Pokémon,15,0.3,90,40,20,15,normal,fairy,1,2
Togepi,175,"['Hustle', 'Serene Grace', 'Super Luck']",Spike Ball Pokémon,65,0.3,35,40,65,20,fairy,,1.5,2
Togetic,176,"['Hustle', 'Serene Grace', 'Super Luck']",Happiness Pokémon,85,0.6,55,80,105,40,fairy,flying,3.2,2
Natu,177,"['Synchronize', 'Early Bird', 'Magic Bounce']",Little Bird Pokémon,45,0.2,40,70,45,70,psychic,flying,2,2
Xatu,178,"['Synchronize', 'Early Bird', 'Magic Bounce']",Mystic Pokémon,70,1.5,65,95,70,95,psychic,flying,15,2
Mareep,179,"['Static', 'Plus']",Wool Pokémon,40,0.6,55,65,45,35,electric,,7.8,2
Flaaffy,180,"['Static', 'Plus']",Wool Pokémon,55,0.8,70,80,60,45,electric,,13.3,2
Ampharos,181,"['Static', 'Plus']",Light Pokémon,105,1.4,90,165,110,45,electric,,61.5,2
Bellossom,182,"['Chlorophyll', 'Healer']",Flower Pokémon,95,0.4,75,90,100,50,grass,,5.8,2
Marill,183,"['Thick Fat', 'Huge Power', 'Sap Sipper']",Aquamouse Pokémon,50,0.4,70,20,50,40,water,fairy,8.5,2
Azumarill,184,"['Thick Fat', 'Huge Power', 'Sap Sipper']",Aquarabbit Pokémon,80,0.8,100,60,80,50,water,fairy,28.5,2
Sudowoodo,185,"['Sturdy', 'Rock Head', 'Rattled']",Imitation Pokémon,115,1.2,70,30,65,30,rock,,38,2
Politoed,186,"['Water Absorb', 'Damp', 'Drizzle']",Frog Pokémon,75,1.1,90,90,100,70,water,,33.9,2
Hoppip,187,"['Chlorophyll', 'Leaf Guard', 'Infiltrator']",Cottonweed Pokémon,40,0.4,35,35,55,50,grass,flying,0.5,2
Skiploom,188,"['Chlorophyll', 'Leaf Guard', 'Infiltrator']",Cottonweed Pokémon,50,0.6,55,45,65,80,grass,flying,1,2
Jumpluff,189,"['Chlorophyll', 'Leaf Guard', 'Infiltrator']",Cottonweed Pokémon,70,0.8,75,55,95,110,grass,flying,3,2
Aipom,190,"['Run Away', 'Pickup', 'Skill Link']",Long Tail Pokémon,55,0.8,55,40,55,85,normal,,11.5,2
Sunkern,191,"['Chlorophyll', 'Solar Power', 'Early Bird']",Seed Pokémon,30,0.3,30,30,30,30,grass,,1.8,2
Sunflora,192,"['Chlorophyll', 'Solar Power', 'Early Bird']",Sun Pokémon,55,0.8,75,105,85,30,grass,,8.5,2
Yanma,193,"['Speed Boost', 'Compoundeyes', 'Frisk']",Clear Wing Pokémon,45,1.2,65,75,45,95,bug,flying,38,2
Wooper,194,"['Damp', 'Water Absorb', 'Unaware']",Water Fish Pokémon,45,0.4,55,25,25,15,water,ground,8.5,2
Quagsire,195,"['Damp', 'Water Absorb', 'Unaware']",Water Fish Pokémon,85,1.4,95,65,65,35,water,ground,75,2
Espeon,196,"['Synchronize', 'Magic Bounce']",Sun Pokémon,60,0.9,65,130,95,110,psychic,,26.5,2
Umbreon,197,"['Synchronize', 'Inner Focus']",Moonlight Pokémon,110,1,95,60,130,65,dark,,27,2
Murkrow,198,"['Insomnia', 'Super Luck', 'Prankster']",Darkness Pokémon,42,0.5,60,85,42,91,dark,flying,2.1,2
Slowking,199,"['Oblivious', 'Own Tempo', 'Regenerator']",Royal Pokémon,80,2,95,100,110,30,water,psychic,79.5,2
Misdreavus,200,['Levitate'],Screech Pokémon,60,0.7,60,85,85,85,ghost,,1,2
Unown,201,['Levitate'],Symbol Pokémon,48,0.5,48,72,48,48,psychic,,5,2
Wobbuffet,202,"['Shadow Tag', 'Telepathy']",Patient Pokémon,58,1.3,190,33,58,33,psychic,,28.5,2
Girafarig,203,"['Inner Focus', 'Early Bird', 'Sap Sipper']",Long Neck Pokémon,65,1.5,70,90,65,85,normal,psychic,41.5,2
Pineco,204,"['Sturdy', 'Overcoat']",Bagworm Pokémon,90,0.6,50,35,35,15,bug,,7.2,2
Forretress,205,"['Sturdy', 'Overcoat']",Bagworm Pokémon,140,1.2,75,60,60,40,bug,steel,125.8,2
Dunsparce,206,"['Serene Grace', 'Run Away', 'Rattled']",Land Snake Pokémon,70,1.5,100,65,65,45,normal,,14,2
Gligar,207,"['Hyper Cutter', 'Sand Veil', 'Immunity']",Flyscorpion Pokémon,105,1.1,65,35,65,85,ground,flying,64.8,2
Steelix,208,"['Rock Head', 'Sturdy', 'Sheer Force']",Iron Snake Pokémon,230,9.2,75,55,95,30,steel,ground,400,2
Snubbull,209,"['Intimidate', 'Run Away', 'Rattled']",Fairy Pokémon,50,0.6,60,40,40,30,fairy,,7.8,2
Granbull,210,"['Intimidate', 'Quick Feet', 'Rattled']",Fairy Pokémon,75,1.4,90,60,60,45,fairy,,48.7,2
Qwilfish,211,"['Poison Point', 'Swift Swim', 'Intimidate']",Balloon Pokémon,85,0.5,65,55,55,85,water,poison,3.9,2
Scizor,212,"['Swarm', 'Technician', 'Light Metal']",Pincer Pokémon,140,1.8,70,65,100,75,bug,steel,118,2
Shuckle,213,"['Sturdy', 'Gluttony', 'Contrary']",Mold Pokémon,230,0.6,20,10,230,5,bug,rock,20.5,2
Heracross,214,"['Swarm', 'Guts', 'Moxie']",Singlehorn Pokémon,115,1.5,80,40,105,75,bug,fighting,54,2
Sneasel,215,"['Inner Focus', 'Keen Eye', 'Pickpocket']",Sharp Claw Pokémon,55,0.9,55,35,75,115,dark,ice,28,2
Teddiursa,216,"['Pickup', 'Quick Feet', 'Honey Gather']",Little Bear Pokémon,50,0.6,60,50,50,40,normal,,8.8,2
Ursaring,217,"['Guts', 'Quick Feet', 'Unnerve']",Hibernator Pokémon,75,1.8,90,75,75,55,normal,,125.8,2
Slugma,218,"['Magma Armor', 'Flame Body', 'Weak Armor']",Lava Pokémon,40,0.7,40,70,40,20,fire,,35,2
Magcargo,219,"['Magma Armor', 'Flame Body', 'Weak Armor']",Lava Pokémon,120,0.8,60,90,80,30,fire,rock,55,2
Swinub,220,"['Oblivious', 'Snow Cloak', 'Thick Fat']",Pig Pokémon,40,0.4,50,30,30,50,ice,ground,6.5,2
Piloswine,221,"['Oblivious', 'Snow Cloak', 'Thick Fat']",Swine Pokémon,80,1.1,100,60,60,50,ice,ground,55.8,2
Corsola,222,"['Hustle', 'Natural Cure', 'Regenerator']",Coral Pokémon,95,0.6,65,65,95,35,water,rock,5,2
Remoraid,223,"['Hustle', 'Sniper', 'Moody']",Jet Pokémon,35,0.6,35,65,35,65,water,,12,2
Octillery,224,"['Suction Cups', 'Sniper', 'Moody']",Jet Pokémon,75,0.9,75,105,75,45,water,,28.5,2
Delibird,225,"['Vital Spirit', 'Hustle', 'Insomnia']",Delivery Pokémon,45,0.9,45,65,45,75,ice,flying,16,2
Mantine,226,"['Swift Swim', 'Water Absorb', 'Water Veil']",Kite Pokémon,70,2.1,85,80,140,70,water,flying,220,2
Skarmory,227,"['Keen Eye', 'Sturdy', 'Weak Armor']",Armor Bird Pokémon,140,1.7,65,40,70,70,steel,flying,50.5,2
Houndour,228,"['Early Bird', 'Flash Fire', 'Unnerve']",Dark Pokémon,30,0.6,45,80,50,65,dark,fire,10.8,2
Houndoom,229,"['Early Bird', 'Flash Fire', 'Unnerve']",Dark Pokémon,90,1.4,75,140,90,115,dark,fire,35,2
Kingdra,230,"['Swift Swim', 'Sniper', 'Damp']",Dragon Pokémon,95,1.8,75,95,95,85,water,dragon,152,2
Phanpy,231,"['Pickup', 'Sand Veil']",Long Nose Pokémon,60,0.5,90,40,40,40,ground,,33.5,2
Donphan,232,"['Sturdy', 'Sand Veil']",Armor Pokémon,120,1.1,90,60,60,50,ground,,120,2
Porygon2,233,"['Trace', 'Download', 'Analytic']",Virtual Pokémon,90,0.6,85,105,95,60,normal,,32.5,2
Stantler,234,"['Intimidate', 'Frisk', 'Sap Sipper']",Big Horn Pokémon,62,1.4,73,85,65,85,normal,,71.2,2
Smeargle,235,"['Own Tempo', 'Technician', 'Moody']",Painter Pokémon,35,1.2,55,20,45,75,normal,,58,2
Tyrogue,236,"['Guts', 'Steadfast', 'Vital Spirit']",Scuffle Pokémon,35,0.7,35,35,35,35,fighting,,21,2
Hitmontop,237,"['Intimidate', 'Technician', 'Steadfast']",Handstand Pokémon,95,1.4,50,35,110,70,fighting,,48,2
Smoochum,238,"['Oblivious', 'Forewarn', 'Hydration']",Kiss Pokémon,15,0.4,45,85,65,65,ice,psychic,6,2
Elekid,239,"['Static', 'Vital Spirit']",Electric Pokémon,37,0.6,45,65,55,95,electric,,23.5,2
Magby,240,"['Flame Body', 'Vital Spirit']",Live Coal Pokémon,37,0.7,45,70,55,83,fire,,21.4,2
Miltank,241,"['Thick Fat', 'Scrappy', 'Sap Sipper']",Milk Cow Pokémon,105,1.2,95,40,70,100,normal,,75.5,2
Blissey,242,"['Natural Cure', 'Serene Grace', 'Healer']",Happiness Pokémon,10,1.5,255,75,135,55,normal,,46.8,2
Raikou,243,"['Pressure', 'Inner Focus']",Thunder Pokémon,75,1.9,90,115,100,115,electric,,178,2
Entei,244,"['Pressure', 'Inner Focus']",Volcano Pokémon,85,2.1,115,90,75,100,fire,,198,2
Suicune,245,"['Pressure', 'Inner Focus']",Aurora Pokémon,115,2,100,90,115,85,water,,187,2
Larvitar,246,"['Guts', 'Sand Veil']",Rock Skin Pokémon,50,0.6,50,45,50,41,rock,ground,72,2
Pupitar,247,['Shed Skin'],Hard Shell Pokémon,70,1.2,70,65,70,51,rock,ground,152,2
Tyranitar,248,"['Sand Stream', 'Unnerve']",Armor Pokémon,150,2,100,95,120,71,rock,dark,202,2
Lugia,249,"['Pressure', 'Multiscale']",Diving Pokémon,130,5.2,106,90,154,110,psychic,flying,216,2
Ho-Oh,250,"['Pressure', 'Regenerator']",Rainbow Pokémon,90,3.8,106,110,154,90,fire,flying,199,2
Celebi,251,['Natural Cure'],Time Travel Pokémon,100,0.6,100,100,100,100,psychic,grass,5,2
Treecko,252,"['Overgrow', 'Unburden']",Wood Gecko Pokémon,35,0.5,40,65,55,70,grass,,5,3
Grovyle,253,"['Overgrow', 'Unburden']",Wood Gecko Pokémon,45,0.9,50,85,65,95,grass,,21.6,3
Sceptile,254,"['Overgrow', 'Unburden']",Forest Pokémon,75,1.7,70,145,85,145,grass,,52.2,3
Torchic,255,"['Blaze', 'Speed Boost']",Chick Pokémon,40,0.4,45,70,50,45,fire,,2.5,3
Combusken,256,"['Blaze', 'Speed Boost']",Young Fowl Pokémon,60,0.9,60,85,60,55,fire,fighting,19.5,3
Blaziken,257,"['Blaze', 'Speed Boost']",Blaze Pokémon,80,1.9,80,130,80,100,fire,fighting,52,3
Mudkip,258,"['Torrent', 'Damp']",Mud Fish Pokémon,50,0.4,50,50,50,40,water,,7.6,3
Marshtomp,259,"['Torrent', 'Damp']",Mud Fish Pokémon,70,0.7,70,60,70,50,water,ground,28,3
Swampert,260,"['Torrent', 'Damp']",Mud Fish Pokémon,110,1.5,100,95,110,70,water,ground,81.9,3
Poochyena,261,"['Run Away', 'Quick Feet', 'Rattled']",Bite Pokémon,35,0.5,35,30,30,35,dark,,13.6,3
Mightyena,262,"['Intimidate', 'Quick Feet', 'Moxie']",Bite Pokémon,70,1,70,60,60,70,dark,,37,3
Zigzagoon,263,"['Pickup', 'Gluttony', 'Quick Feet']",Tiny Racoon Pokémon,41,0.4,38,30,41,60,normal,,17.5,3
Linoone,264,"['Pickup', 'Gluttony', 'Quick Feet']",Rush Pokémon,61,0.5,78,50,61,100,normal,,32.5,3
Wurmple,265,"['Shield Dust', 'Run Away']",Worm Pokémon,35,0.3,45,20,30,20,bug,,3.6,3
Silcoon,266,['Shed Skin'],Cocoon Pokémon,55,0.6,50,25,25,15,bug,,10,3
Beautifly,267,"['Swarm', 'Rivalry']",Butterfly Pokémon,50,1,60,100,50,65,bug,flying,28.4,3
Cascoon,268,['Shed Skin'],Cocoon Pokémon,55,0.7,50,25,25,15,bug,,11.5,3
Dustox,269,"['Shield Dust', 'Compoundeyes']",Poison Moth Pokémon,70,1.2,60,50,90,65,bug,poison,31.6,3
Lotad,270,"['Swift Swim', 'Rain Dish', 'Own Tempo']",Water Weed Pokémon,30,0.5,40,40,50,30,water,grass,2.6,3
Lombre,271,"['Swift Swim', 'Rain Dish', 'Own Tempo']",Jolly Pokémon,50,1.2,60,60,70,50,water,grass,32.5,3
Ludicolo,272,"['Swift Swim', 'Rain Dish', 'Own Tempo']",Carefree Pokémon,70,1.5,80,90,100,70,water,grass,55,3
Seedot,273,"['Chlorophyll', 'Early Bird', 'Pickpocket']",Acorn Pokémon,50,0.5,40,30,30,30,grass,,4,3
Nuzleaf,274,"['Chlorophyll', 'Early Bird', 'Pickpocket']",Wily Pokémon,40,1,70,60,40,60,grass,dark,28,3
Shiftry,275,"['Chlorophyll', 'Early Bird', 'Pickpocket']",Wickid Pokémon,60,1.3,90,90,60,80,grass,dark,59.6,3
Taillow,276,"['Guts', 'Scrappy']",TinySwallow Pokémon,30,0.3,40,30,30,85,normal,flying,2.3,3
Swellow,277,"['Guts', 'Scrappy']",Swallow Pokémon,60,0.7,60,75,50,125,normal,flying,19.8,3
Wingull,278,"['Keen Eye', 'Hydration', 'Rain Dish']",Seagull Pokémon,30,0.6,40,55,30,85,water,flying,9.5,3
Pelipper,279,"['Keen Eye', 'Drizzle', 'Rain Dish']",Water Bird Pokémon,100,1.2,60,95,70,65,water,flying,28,3
Ralts,280,"['Synchronize', 'Trace', 'Telepathy']",Feeling Pokémon,25,0.4,28,45,35,40,psychic,fairy,6.6,3
Kirlia,281,"['Synchronize', 'Trace', 'Telepathy']",Emotion Pokémon,35,0.8,38,65,55,50,psychic,fairy,20.2,3
Gardevoir,282,"['Synchronize', 'Trace', 'Telepathy']",Embrace Pokémon,65,1.6,68,165,135,100,psychic,fairy,48.4,3
Surskit,283,"['Swift Swim', 'Rain Dish']",Pond Skater Pokémon,32,0.5,40,50,52,65,bug,water,1.7,3
Masquerain,284,"['Intimidate', 'Unnerve']",Eyeball Pokémon,62,0.8,70,100,82,80,bug,flying,3.6,3
Shroomish,285,"['Effect Spore', 'Poison Heal', 'Quick Feet']",Mushroom Pokémon,60,0.4,60,40,60,35,grass,,4.5,3
Breloom,286,"['Effect Spore', 'Poison Heal', 'Technician']",Mushroom Pokémon,80,1.2,60,60,60,70,grass,fighting,39.2,3
Slakoth,287,['Truant'],Slacker Pokémon,60,0.8,60,35,35,30,normal,,24,3
Vigoroth,288,['Vital Spirit'],Wild Monkey Pokémon,80,1.4,80,55,55,90,normal,,46.5,3
Slaking,289,['Truant'],Lazy Pokémon,100,2,150,95,65,100,normal,,130.5,3
Nincada,290,"['Compoundeyes', 'Run Away']",Trainee Pokémon,90,0.5,31,30,30,40,bug,ground,5.5,3
Ninjask,291,"['Speed Boost', 'Infiltrator']",Ninja Pokémon,45,0.8,61,50,50,160,bug,flying,12,3
Shedinja,292,['Wonder Guard'],Shed Pokémon,45,0.8,1,30,30,40,bug,ghost,1.2,3
Whismur,293,"['Soundproof', 'Rattled']",Whisper Pokémon,23,0.6,64,51,23,28,normal,,16.3,3
Loudred,294,"['Soundproof', 'Scrappy']",Big Voice Pokémon,43,1,84,71,43,48,normal,,40.5,3
Exploud,295,"['Soundproof', 'Scrappy']",Loud Noise Pokémon,63,1.5,104,91,73,68,normal,,84,3
Makuhita,296,"['Thick Fat', 'Guts', 'Sheer Force']",Guts Pokémon,30,1,72,20,30,25,fighting,,86.4,3
Hariyama,297,"['Thick Fat', 'Guts', 'Sheer Force']",Arm Thrust Pokémon,60,2.3,144,40,60,50,fighting,,253.8,3
Azurill,298,"['Thick Fat', 'Huge Power', 'Sap Sipper']",Polka Dot Pokémon,40,0.2,50,20,40,20,normal,fairy,2,3
Nosepass,299,"['Sturdy', 'Magnet Pull', 'Sand Force']",Compass Pokémon,135,1,30,45,90,30,rock,,97,3
Skitty,300,"['Cute Charm', 'Normalize', 'Wonder Skin ']",Kitten Pokémon,45,0.6,50,35,35,50,normal,,11,3
Delcatty,301,"['Cute Charm', 'Normalize', 'Wonder Skin ']",Prim Pokémon,65,1.1,70,55,55,90,normal,,32.6,3
Sableye,302,"['Keen Eye', 'Stall', 'Prankster']",Darkness Pokémon,125,0.5,50,85,115,20,dark,ghost,11,3
Mawile,303,"['Hyper Cutter', 'Intimidate', 'Sheer Force']",Deceiver Pokémon,125,0.6,50,55,95,50,steel,fairy,11.5,3
Aron,304,"['Sturdy', 'Rock Head', 'Heavy Metal']",Iron Armor Pokémon,100,0.4,50,40,40,30,steel,rock,60,3
Lairon,305,"['Sturdy', 'Rock Head', 'Heavy Metal']",Iron Armor Pokémon,140,0.9,60,50,50,40,steel,rock,120,3
Aggron,306,"['Sturdy', 'Rock Head', 'Heavy Metal']",Iron Armor Pokémon,230,2.1,70,60,80,50,steel,rock,360,3
Meditite,307,"['Pure Power', 'Telepathy']",Meditate Pokémon,55,0.6,30,40,55,60,fighting,psychic,11.2,3
Medicham,308,"['Pure Power', 'Telepathy']",Meditate Pokémon,85,1.3,60,80,85,100,fighting,psychic,31.5,3
Electrike,309,"['Static', 'Lightningrod', 'Minus']",Lightning Pokémon,40,0.6,40,65,40,65,electric,,15.2,3
Manectric,310,"['Static', 'Lightningrod', 'Minus']",Discharge Pokémon,80,1.5,70,135,80,135,electric,,40.2,3
Plusle,311,"['Plus', 'Lightningrod']",Cheering Pokémon,40,0.4,60,85,75,95,electric,,4.2,3
Minun,312,"['Minus', 'Volt Absorb']",Cheering Pokémon,50,0.4,60,75,85,95,electric,,4.2,3
Volbeat,313,"['Illuminate', 'Swarm', 'Prankster']",Firefly Pokémon,75,0.7,65,47,85,85,bug,,17.7,3
Illumise,314,"['Oblivious', 'Tinted Lens', 'Prankster']",Firefly Pokémon,75,0.6,65,73,85,85,bug,,17.7,3
Roselia,315,"['Natural Cure', 'Poison Point', 'Leaf Guard']",Thorn Pokémon,45,0.3,50,100,80,65,grass,poison,2,3
Gulpin,316,"['Liquid Ooze', 'Sticky Hold', 'Gluttony']",Stomach Pokémon,53,0.4,70,43,53,40,poison,,10.3,3
Swalot,317,"['Liquid Ooze', 'Sticky Hold', 'Gluttony']",Poison Bag Pokémon,83,1.7,100,73,83,55,poison,,80,3
Carvanha,318,"['Rough Skin', 'Speed Boost']",Savage Pokémon,20,0.8,45,65,20,65,water,dark,20.8,3
Sharpedo,319,"['Rough Skin', 'Speed Boost']",Brutal Pokémon,70,1.8,70,110,65,105,water,dark,88.8,3
Wailmer,320,"['Water Veil', 'Oblivious', 'Pressure']",Ball Whale Pokémon,35,2,130,70,35,60,water,,130,3
Wailord,321,"['Water Veil', 'Oblivious', 'Pressure']",Float Whale Pokémon,45,14.5,170,90,45,60,water,,398,3
Numel,322,"['Oblivious', 'Simple', 'Own Tempo']",Numb Pokémon,40,0.7,60,65,45,35,fire,ground,24,3
Camerupt,323,"['Magma Armor', 'Solid Rock', 'Anger Point']",Eruption Pokémon,100,1.9,70,145,105,20,fire,ground,220,3
Torkoal,324,"['White Smoke', 'Drought', 'Shell Armor']",Coal Pokémon,140,0.5,70,85,70,20,fire,,80.4,3
Spoink,325,"['Thick Fat', 'Own Tempo', 'Gluttony']",Bounce Pokémon,35,0.7,60,70,80,60,psychic,,30.6,3
Grumpig,326,"['Thick Fat', 'Own Tempo', 'Gluttony']",Manipulate Pokémon,65,0.9,80,90,110,80,psychic,,71.5,3
Spinda,327,"['Own Tempo', 'Tangled Feet', 'Contrary']",Spot Panda Pokémon,60,1.1,60,60,60,60,normal,,5,3
Trapinch,328,"['Hyper Cutter', 'Arena Trap', 'Sheer Force']",Ant Pit Pokémon,45,0.7,45,45,45,10,ground,,15,3
Vibrava,329,['Levitate'],Vibration Pokémon,50,1.1,50,50,50,70,ground,dragon,15.3,3
Flygon,330,['Levitate'],Mystic Pokémon,80,2,80,80,80,100,ground,dragon,82,3
Cacnea,331,"['Sand Veil', 'Water Absorb']",Cactus Pokémon,40,0.4,50,85,40,35,grass,,51.3,3
Cacturne,332,"['Sand Veil', 'Water Absorb']",Scarecrow Pokémon,60,1.3,70,115,60,55,grass,dark,77.4,3
Swablu,333,"['Natural Cure', 'Cloud Nine']",Cotton Bird Pokémon,60,0.4,45,40,75,50,normal,flying,1.2,3
Altaria,334,"['Natural Cure', 'Cloud Nine']",Humming Pokémon,110,1.1,75,110,105,80,dragon,flying,20.6,3
Zangoose,335,"['Immunity', 'Toxic Boost']",Cat Ferret Pokémon,60,1.3,73,60,60,90,normal,,40.3,3
Seviper,336,"['Shed Skin', 'Infiltrator']",Fang Snake Pokémon,60,2.7,73,100,60,65,poison,,52.5,3
Lunatone,337,['Levitate'],Meteorite Pokémon,65,1,90,95,85,70,rock,psychic,168,3
Solrock,338,['Levitate'],Meteorite Pokémon,85,1.2,90,55,65,70,rock,psychic,154,3
Barboach,339,"['Oblivious', 'Anticipation', 'Hydration']",Whiskers Pokémon,43,0.4,50,46,41,60,water,ground,1.9,3
Whiscash,340,"['Oblivious', 'Anticipation', 'Hydration']",Whiskers Pokémon,73,0.9,110,76,71,60,water,ground,23.6,3
Corphish,341,"['Hyper Cutter', 'Shell Armor', 'Adaptability']",Ruffian Pokémon,65,0.6,43,50,35,35,water,,11.5,3
Crawdaunt,342,"['Hyper Cutter', 'Shell Armor', 'Adaptability']",Rogue Pokémon,85,1.1,63,90,55,55,water,dark,32.8,3
Baltoy,343,['Levitate'],Clay Doll Pokémon,55,0.5,40,40,70,55,ground,psychic,21.5,3
Claydol,344,['Levitate'],Clay Doll Pokémon,105,1.5,60,70,120,75,ground,psychic,108,3
Lileep,345,"['Suction Cups', 'Storm Drain']",Sea Lily Pokémon,77,1,66,61,87,23,rock,grass,23.8,3
Cradily,346,"['Suction Cups', 'Storm Drain']",Barnacle Pokémon,97,1.5,86,81,107,43,rock,grass,60.4,3
Anorith,347,"['Battle Armor', 'Swift Swim']",Old Shrimp Pokémon,50,0.7,45,40,50,75,rock,bug,12.5,3
Armaldo,348,"['Battle Armor', 'Swift Swim']",Plate Pokémon,100,1.5,75,70,80,45,rock,bug,68.2,3
Feebas,349,"['Swift Swim', 'Oblivious', 'Adaptability']",Fish Pokémon,20,0.6,20,10,55,80,water,,7.4,3
Milotic,350,"['Marvel Scale', 'Competitive', 'Cute Charm']",Tender Pokémon,79,6.2,95,100,125,81,water,,162,3
Castform,351,['Forecast'],Weather Pokémon,70,0.3,70,70,70,70,normal,,0.8,3
Kecleon,352,"['Color Change', 'Protean']",Color Swap Pokémon,70,1,60,60,120,40,normal,,22,3
Shuppet,353,"['Insomnia', 'Frisk', 'Cursed Body']",Puppet Pokémon,35,0.6,44,63,33,45,ghost,,2.3,3
Banette,354,"['Insomnia', 'Frisk', 'Cursed Body']",Marionette Pokémon,75,1.1,64,93,83,75,ghost,,12.5,3
Duskull,355,"['Levitate', 'Frisk']",Requiem Pokémon,90,0.8,20,30,90,25,ghost,,15,3
Dusclops,356,"['Pressure', 'Frisk']",Beckon Pokémon,130,1.6,40,60,130,25,ghost,,30.6,3
Tropius,357,"['Chlorophyll', 'Solar Power', 'Harvest']",Fruit Pokémon,83,2,99,72,87,51,grass,flying,100,3
Chimecho,358,['Levitate'],Wind Chime Pokémon,80,0.6,75,95,90,65,psychic,,1,3
Absol,359,"['Pressure', 'Super Luck', 'Justified']",Disaster Pokémon,60,1.2,65,115,60,115,dark,,47,3
Wynaut,360,"['Shadow Tag', 'Telepathy']",Bright Pokémon,48,0.6,95,23,48,23,psychic,,14,3
Snorunt,361,"['Inner Focus', 'Ice Body', 'Moody']",Snow Hat Pokémon,50,0.7,50,50,50,50,ice,,16.8,3
Glalie,362,"['Inner Focus', 'Ice Body', 'Moody']",Face Pokémon,80,1.5,80,120,80,100,ice,,256.5,3
Spheal,363,"['Thick Fat', 'Ice Body', 'Oblivious']",Clap Pokémon,50,0.8,70,55,50,25,ice,water,39.5,3
Sealeo,364,"['Thick Fat', 'Ice Body', 'Oblivious']",Ball Roll Pokémon,70,1.1,90,75,70,45,ice,water,87.6,3
Walrein,365,"['Thick Fat', 'Ice Body', 'Oblivious']",Ice Break Pokémon,90,1.4,110,95,90,65,ice,water,150.6,3
Clamperl,366,"['Shell Armor', 'Rattled']",Bivalve Pokémon,85,0.4,35,74,55,32,water,,52.5,3
Huntail,367,"['Swift Swim', 'Water Veil']",Deep Sea Pokémon,105,1.7,55,94,75,52,water,,27,3
Gorebyss,368,"['Swift Swim', 'Hydration']",South Sea Pokémon,105,1.8,55,114,75,52,water,,22.6,3
Relicanth,369,"['Swift Swim', 'Rock Head', 'Sturdy']",Longevity Pokémon,130,1,100,45,65,55,water,rock,23.4,3
Luvdisc,370,"['Swift Swim', 'Hydration']",Rendezvous Pokémon,55,0.6,43,40,65,97,water,,8.7,3
Bagon,371,"['Rock Head', 'Sheer Force']",Rock Head Pokémon,60,0.6,45,40,30,50,dragon,,42.1,3
Shelgon,372,"['Rock Head', 'Overcoat']",Endurance Pokémon,100,1.1,65,60,50,50,dragon,,110.5,3
Salamence,373,"['Intimidate', 'Moxie']",Dragon Pokémon,130,1.5,95,120,90,120,dragon,flying,102.6,3
Beldum,374,"['Clear Body', 'Light Metal']",Iron Ball Pokémon,80,0.6,40,35,60,30,steel,psychic,95.2,3
Metang,375,"['Clear Body', 'Light Metal']",Iron Claw Pokémon,100,1.2,60,55,80,50,steel,psychic,202.5,3
Metagross,376,"['Clear Body', 'Light Metal']",Iron Leg Pokémon,150,1.6,80,105,110,110,steel,psychic,550,3
Regirock,377,"['Clear Body', 'Sturdy']",Rock Peak Pokémon,200,1.7,80,50,100,50,rock,,230,3
Regice,378,"['Clear Body', 'Ice Body']",Iceberg Pokémon,100,1.8,80,100,200,50,ice,,175,3
Registeel,379,"['Clear Body', 'Light Metal']",Iron Pokémon,150,1.9,80,75,150,50,steel,,205,3
Latias,380,['Levitate'],Eon Pokémon,120,1.4,80,140,150,110,dragon,psychic,40,3
Latios,381,['Levitate'],Eon Pokémon,100,2,80,160,120,110,dragon,psychic,60,3
Kyogre,382,['Drizzle'],Sea Basin Pokémon,90,4.5,100,180,160,90,water,,352,3
Groudon,383,['Drought'],Continent Pokémon,160,3.5,100,150,90,90,ground,,950,3
Rayquaza,384,['Air Lock'],Sky High Pokémon,100,7,105,180,100,115,dragon,flying,206.5,3
Jirachi,385,['Serene Grace'],Wish Pokémon,100,0.3,100,100,100,100,steel,psychic,1.1,3
Deoxys,386,['Pressure'],DNA Pokémon,90,1.7,50,95,90,180,psychic,,60.8,3
Turtwig,387,"['Overgrow', 'Shell Armor']",Tiny Leaf Pokémon,64,0.4,55,45,55,31,grass,,10.2,4
Grotle,388,"['Overgrow', 'Shell Armor']",Grove Pokémon,85,1.1,75,55,65,36,grass,,97,4
Torterra,389,"['Overgrow', 'Shell Armor']",Continent Pokémon,105,2.2,95,75,85,56,grass,ground,310,4
Chimchar,390,"['Blaze', 'Iron Fist']",Chimp Pokémon,44,0.5,44,58,44,61,fire,,6.2,4
Monferno,391,"['Blaze', 'Iron Fist']",Playful Pokémon,52,0.9,64,78,52,81,fire,fighting,22,4
Infernape,392,"['Blaze', 'Iron Fist']",Flame Pokémon,71,1.2,76,104,71,108,fire,fighting,55,4
Piplup,393,"['Torrent', 'Defiant']",Penguin Pokémon,53,0.4,53,61,56,40,water,,5.2,4
Prinplup,394,"['Torrent', 'Defiant']",Penguin Pokémon,68,0.8,64,81,76,50,water,,23,4
Empoleon,395,"['Torrent', 'Defiant']",Emperor Pokémon,88,1.7,84,111,101,60,water,steel,84.5,4
Starly,396,"['Keen Eye', 'Reckless']",Starling Pokémon,30,0.3,40,30,30,60,normal,flying,2,4
Staravia,397,"['Intimidate', 'Reckless']",Starling Pokémon,50,0.6,55,40,40,80,normal,flying,15.5,4
Staraptor,398,"['Intimidate', 'Reckless']",Predator Pokémon,70,1.2,85,50,60,100,normal,flying,24.9,4
Bidoof,399,"['Simple', 'Unaware', 'Moody']",Plump Mouse Pokémon,40,0.5,59,35,40,31,normal,,20,4
Bibarel,400,"['Simple', 'Unaware', 'Moody']",Beaver Pokémon,60,1,79,55,60,71,normal,water,31.5,4
Kricketot,401,"['Shed Skin', 'Run Away']",Cricket Pokémon,41,0.3,37,25,41,25,bug,,2.2,4
Kricketune,402,"['Swarm', 'Technician']",Cricket Pokémon,51,1,77,55,51,65,bug,,25.5,4
Shinx,403,"['Rivalry', 'Intimidate', 'Guts']",Flash Pokémon,34,0.5,45,40,34,45,electric,,9.5,4
Luxio,404,"['Rivalry', 'Intimidate', 'Guts']",Spark Pokémon,49,0.9,60,60,49,60,electric,,30.5,4
Luxray,405,"['Rivalry', 'Intimidate', 'Guts']",Gleam Eyes Pokémon,79,1.4,80,95,79,70,electric,,42,4
Budew,406,"['Natural Cure', 'Poison Point', 'Leaf Guard']",Bud Pokémon,35,0.2,40,50,70,55,grass,poison,1.2,4
Roserade,407,"['Natural Cure', 'Poison Point', 'Technician']",Bouquet Pokémon,65,0.9,60,125,105,90,grass,poison,14.5,4
Cranidos,408,"['Mold Breaker', 'Sheer Force']",Head Butt Pokémon,40,0.9,67,30,30,58,rock,,31.5,4
Rampardos,409,"['Mold Breaker', 'Sheer Force']",Head Butt Pokémon,60,1.6,97,65,50,58,rock,,102.5,4
Shieldon,410,"['Sturdy', 'Soundproof']",Shield Pokémon,118,0.5,30,42,88,30,rock,steel,57,4
Bastiodon,411,"['Sturdy', 'Soundproof']",Shield Pokémon,168,1.3,60,47,138,30,rock,steel,149.5,4
Burmy,412,"['Shed Skin', 'Overcoat']",Bagworm Pokémon,45,0.2,40,29,45,36,bug,,3.4,4
Wormadam,413,"['Anticipation', 'Overcoat']",Bagworm Pokémon,95,0.5,60,69,95,36,bug,grass,6.5,4
Mothim,414,"['Swarm', 'Tinted Lens']",Moth Pokémon,50,0.9,70,94,50,66,bug,flying,23.3,4
Combee,415,"['Honey Gather', 'Hustle']",Tiny Bee Pokémon,42,0.3,30,30,42,70,bug,flying,5.5,4
Vespiquen,416,"['Pressure', 'Unnerve']",Beehive Pokémon,102,1.2,70,80,102,40,bug,flying,38.5,4
Pachirisu,417,"['Run Away', 'Pickup', 'Volt Absorb']",EleSquirrel Pokémon,70,0.4,60,45,90,95,electric,,3.9,4
Buizel,418,"['Swift Swim', 'Water Veil']",Sea Weasel Pokémon,35,0.7,55,60,30,85,water,,29.5,4
Floatzel,419,"['Swift Swim', 'Water Veil']",Sea Weasel Pokémon,55,1.1,85,85,50,115,water,,33.5,4
Cherubi,420,['Chlorophyll'],Cherry Pokémon,45,0.4,45,62,53,35,grass,,3.3,4
Cherrim,421,['Flower Gift'],Blossom Pokémon,70,0.5,70,87,78,85,grass,,9.3,4
Shellos,422,"['Sticky Hold', 'Storm Drain', 'Sand Force']",Sea Slug Pokémon,48,0.3,76,57,62,34,water,,6.3,4
Gastrodon,423,"['Sticky Hold', 'Storm Drain', 'Sand Force']",Sea Slug Pokémon,68,0.9,111,92,82,39,water,ground,29.9,4
Ambipom,424,"['Technician', 'Pickup', 'Skill Link']",Long Tail Pokémon,66,1.2,75,60,66,115,normal,,20.3,4
Drifloon,425,"['Aftermath', 'Unburden', 'Flare Boost']",Balloon Pokémon,34,0.4,90,60,44,70,ghost,flying,1.2,4
Drifblim,426,"['Aftermath', 'Unburden', 'Flare Boost']",Blimp Pokémon,44,1.2,150,90,54,80,ghost,flying,15,4
Buneary,427,"['Run Away', 'Klutz', 'Limber']",Rabbit Pokémon,44,0.4,55,44,56,85,normal,,5.5,4
Lopunny,428,"['Cute Charm', 'Klutz', 'Limber']",Rabbit Pokémon,94,1.2,65,54,96,135,normal,,33.3,4
Mismagius,429,['Levitate'],Magical Pokémon,60,0.9,60,105,105,105,ghost,,4.4,4
Honchkrow,430,"['Insomnia', 'Super Luck', 'Moxie']",Big Boss Pokémon,52,0.9,100,105,52,71,dark,flying,27.3,4
Glameow,431,"['Limber', 'Own Tempo', 'Keen Eye']",Catty Pokémon,42,0.5,49,42,37,85,normal,,3.9,4
Purugly,432,"['Thick Fat', 'Own Tempo', 'Defiant']",Tiger Cat Pokémon,64,1,71,64,59,112,normal,,43.8,4
Chingling,433,['Levitate'],Bell Pokémon,50,0.2,45,65,50,45,psychic,,0.6,4
Stunky,434,"['Stench', 'Aftermath', 'Keen Eye']",Skunk Pokémon,47,0.4,63,41,41,74,poison,dark,19.2,4
Skuntank,435,"['Stench', 'Aftermath', 'Keen Eye']",Skunk Pokémon,67,1,103,71,61,84,poison,dark,38,4
Bronzor,436,"['Levitate', 'Heatproof', 'Heavy Metal']",Bronze Pokémon,86,0.5,57,24,86,23,steel,psychic,60.5,4
Bronzong,437,"['Levitate', 'Heatproof', 'Heavy Metal']",Bronze Bell Pokémon,116,1.3,67,79,116,33,steel,psychic,187,4
Bonsly,438,"['Sturdy', 'Rock Head', 'Rattled']",Bonsai Pokémon,95,0.5,50,10,45,10,rock,,15,4
Mime Jr.,439,"['Soundproof', 'Filter', 'Technician']",Mime Pokémon,45,0.6,20,70,90,60,psychic,fairy,13,4
Happiny,440,"['Natural Cure', 'Serene Grace', 'Friend Guard']",Playhouse Pokémon,5,0.6,100,15,65,30,normal,,24.4,4
Chatot,441,"['Keen Eye', 'Tangled Feet', 'Big Pecks']",Music Note Pokémon,45,0.5,76,92,42,91,normal,flying,1.9,4
Spiritomb,442,"['Pressure', 'Infiltrator']",Forbidden Pokémon,108,1,50,92,108,35,ghost,dark,108,4
Gible,443,"['Sand Veil', 'Rough Skin']",Land Shark Pokémon,45,0.7,58,40,45,42,dragon,ground,20.5,4
Gabite,444,"['Sand Veil', 'Rough Skin']",Cave Pokémon,65,1.4,68,50,55,82,dragon,ground,56,4
Garchomp,445,"['Sand Veil', 'Rough Skin']",Mach Pokémon,115,1.9,108,120,95,92,dragon,ground,95,4
Munchlax,446,"['Pickup', 'Thick Fat', 'Gluttony']",Big Eater Pokémon,40,0.6,135,40,85,5,normal,,105,4
Riolu,447,"['Steadfast', 'Inner Focus', 'Prankster']",Emanation Pokémon,40,0.7,40,35,40,60,fighting,,20.2,4
Lucario,448,"['Steadfast', 'Inner Focus', 'Justified']",Aura Pokémon,88,1.2,70,140,70,112,fighting,steel,54,4
Hippopotas,449,"['Sand Stream', 'Sand Force']",Hippo Pokémon,78,0.8,68,38,42,32,ground,,49.5,4
Hippowdon,450,"['Sand Stream', 'Sand Force']",Heavyweight Pokémon,118,2,108,68,72,47,ground,,300,4
Skorupi,451,"['Battle Armor', 'Sniper', 'Keen Eye']",Scorpion Pokémon,90,0.8,40,30,55,65,poison,bug,12,4
Drapion,452,"['Battle Armor', 'Sniper', 'Keen Eye']",Ogre Scorp Pokémon,110,1.3,70,60,75,95,poison,dark,61.5,4
Croagunk,453,"['Anticipation', 'Dry Skin', 'Poison Touch']",Toxic Mouth Pokémon,40,0.7,48,61,40,50,poison,fighting,23,4
Toxicroak,454,"['Anticipation', 'Dry Skin', 'Poison Touch']",Toxic Mouth Pokémon,65,1.3,83,86,65,85,poison,fighting,44.4,4
Carnivine,455,['Levitate'],Bug Catcher Pokémon,72,1.4,74,90,72,46,grass,,27,4
Finneon,456,"['Swift Swim', 'Storm Drain', 'Water Veil']",Wing Fish Pokémon,56,0.4,49,49,61,66,water,,7,4
Lumineon,457,"['Swift Swim', 'Storm Drain', 'Water Veil']",Neon Pokémon,76,1.2,69,69,86,91,water,,24,4
Mantyke,458,"['Swift Swim', 'Water Absorb', 'Water Veil']",Kite Pokémon,50,1,45,60,120,50,water,flying,65,4
Snover,459,"['Snow Warning', 'Soundproof']",Frosted Tree Pokémon,50,1,60,62,60,40,grass,ice,50.5,4
Abomasnow,460,"['Snow Warning', 'Soundproof']",Frosted Tree Pokémon,105,2.2,90,132,105,30,grass,ice,135.5,4
Weavile,461,"['Pressure', 'Pickpocket']",Sharp Claw Pokémon,65,1.1,70,45,85,125,dark,ice,34,4
Magnezone,462,"['Magnet Pull', 'Sturdy', 'Analytic']",Magnet Area Pokémon,115,1.2,70,130,90,60,electric,steel,180,4
Lickilicky,463,"['Own Tempo', 'Oblivious', 'Cloud Nine']",Licking Pokémon,95,1.7,110,80,95,50,normal,,140,4
Rhyperior,464,"['Lightningrod', 'Solid Rock', 'Reckless']",Drill Pokémon,130,2.4,115,55,55,40,ground,rock,282.8,4
Tangrowth,465,"['Chlorophyll', 'Leaf Guard', 'Regenerator']",Vine Pokémon,125,2,100,110,50,50,grass,,128.6,4
Electivire,466,"['Motor Drive', 'Vital Spirit']",Thunderbolt Pokémon,67,1.8,75,95,85,95,electric,,138.6,4
Magmortar,467,"['Flame Body', 'Vital Spirit']",Blast Pokémon,67,1.6,75,125,95,83,fire,,68,4
Togekiss,468,"['Hustle', 'Serene Grace', 'Super Luck']",Jubilee Pokémon,95,1.5,85,120,115,80,fairy,flying,38,4
Yanmega,469,"['Speed Boost', 'Tinted Lens', 'Frisk']",Ogre Darner Pokémon,86,1.9,86,116,56,95,bug,flying,51.5,4
Leafeon,470,"['Leaf Guard', 'Chlorophyll']",Verdant Pokémon,130,1,65,60,65,95,grass,,25.5,4
Glaceon,471,"['Snow Cloak', 'Ice Body']",Fresh Snow Pokémon,110,0.8,65,130,95,65,ice,,25.9,4
Gliscor,472,"['Hyper Cutter', 'Sand Veil', 'Poison Heal']",Fang Scorp Pokémon,125,2,75,45,75,95,ground,flying,42.5,4
Mamoswine,473,"['Oblivious', 'Snow Cloak', 'Thick Fat']",Twin Tusk Pokémon,80,2.5,110,70,60,80,ice,ground,291,4
Porygon-Z,474,"['Adaptability', 'Download', 'Analytic']",Virtual Pokémon,70,0.9,85,135,75,90,normal,,34,4
Gallade,475,"['Steadfast', 'Justified']",Blade Pokémon,95,1.6,68,65,115,110,psychic,fighting,52,4
Probopass,476,"['Sturdy', 'Magnet Pull', 'Sand Force']",Compass Pokémon,145,1.4,60,75,150,40,rock,steel,340,4
Dusknoir,477,"['Pressure', 'Frisk']",Gripper Pokémon,135,2.2,45,65,135,45,ghost,,106.6,4
Froslass,478,"['Snow Cloak', 'Cursed Body']",Snow Land Pokémon,70,1.3,70,80,70,110,ice,ghost,26.6,4
Rotom,479,['Levitate'],Plasma Pokémon,107,0.3,50,105,107,86,electric,ghost,0.3,4
Uxie,480,['Levitate'],Knowledge Pokémon,130,0.3,75,75,130,95,psychic,,0.3,4
Mesprit,481,['Levitate'],Emotion Pokémon,105,0.3,80,105,105,80,psychic,,0.3,4
Azelf,482,['Levitate'],Willpower Pokémon,70,0.3,75,125,70,115,psychic,,0.3,4
Dialga,483,"['Pressure', 'Telepathy']",Temporal Pokémon,120,5.4,100,150,100,90,steel,dragon,683,4
Palkia,484,"['Pressure', 'Telepathy']",Spatial Pokémon,100,4.2,90,150,120,100,water,dragon,336,4
Heatran,485,"['Flash Fire', 'Flame Body']",Lava Dome Pokémon,106,1.7,91,130,106,77,fire,steel,430,4
Regigigas,486,['Slow Start'],Colossal Pokémon,110,3.7,110,80,110,100,normal,,420,4
Giratina,487,"['Pressure', 'Telepathy', 'Levitate']",Renegade Pokémon,100,4.5,150,120,100,90,ghost,dragon,750,4
Cresselia,488,['Levitate'],Lunar Pokémon,120,1.5,120,75,130,85,psychic,,85.6,4
Phione,489,['Hydration'],Sea Drifter Pokémon,80,0.4,80,80,80,80,water,,3.1,4
Manaphy,490,['Hydration'],Seafaring Pokémon,100,0.3,100,100,100,100,water,,1.4,4
Darkrai,491,['Bad Dreams'],Pitch-Black Pokémon,90,1.5,70,135,90,125,dark,,50.5,4
Shaymin,492,"['Natural Cure', 'Serene Grace']",Gratitude Pokémon,75,0.2,100,120,75,127,grass,grass,2.1,4
Arceus,493,['Multitype'],Alpha Pokémon,120,3.2,120,120,120,120,normal,,320,4
Victini,494,['Victory Star'],Victory Pokémon,100,0.4,100,100,100,100,psychic,fire,4,5
Snivy,495,"['Overgrow', 'Contrary']",Grass Snake Pokémon,55,0.6,45,45,55,63,grass,,8.1,5
Servine,496,"['Overgrow', 'Contrary']",Grass Snake Pokémon,75,0.8,60,60,75,83,grass,,16,5
Serperior,497,"['Overgrow', 'Contrary']",Regal Pokémon,95,3.3,75,75,95,113,grass,,63,5
Tepig,498,"['Blaze', 'Thick Fat']",Fire Pig Pokémon,45,0.5,65,45,45,45,fire,,9.9,5
Pignite,499,"['Blaze', 'Thick Fat']",Fire Pig Pokémon,55,1,90,70,55,55,fire,fighting,55.5,5
Emboar,500,"['Blaze', 'Reckless']",Mega Fire Pig Pokémon,65,1.6,110,100,65,65,fire,fighting,150,5
Oshawott,501,"['Torrent', 'Shell Armor']",Sea Otter Pokémon,45,0.5,55,63,45,45,water,,5.9,5
Dewott,502,"['Torrent', 'Shell Armor']",Discipline Pokémon,60,0.8,75,83,60,60,water,,24.5,5
Samurott,503,"['Torrent', 'Shell Armor']",Formidable Pokémon,85,1.5,95,108,70,70,water,,94.6,5
Patrat,504,"['Run Away', 'Keen Eye', 'Analytic']",Scout Pokémon,39,0.5,45,35,39,42,normal,,11.6,5
Watchog,505,"['Illuminate', 'Keen Eye', 'Analytic']",Lookout Pokémon,69,1.1,60,60,69,77,normal,,27,5
Lillipup,506,"['Vital Spirit', 'Pickup', 'Run Away']",Puppy Pokémon,45,0.4,45,25,45,55,normal,,4.1,5
Herdier,507,"['Intimidate', 'Sand Rush', 'Scrappy']",Loyal Dog Pokémon,65,0.9,65,35,65,60,normal,,14.7,5
Stoutland,508,"['Intimidate', 'Sand Rush', 'Scrappy']",Big-Hearted Pokémon,90,1.2,85,45,90,80,normal,,61,5
Purrloin,509,"['Limber', 'Unburden', 'Prankster']",Devious Pokémon,37,0.4,41,50,37,66,dark,,10.1,5
Liepard,510,"['Limber', 'Unburden', 'Prankster']",Cruel Pokémon,50,1.1,64,88,50,106,dark,,37.5,5
Pansage,511,"['Gluttony', 'Overgrow']",Grass Monkey Pokémon,48,0.6,50,53,48,64,grass,,10.5,5
Simisage,512,"['Gluttony', 'Overgrow']",Thorn Monkey Pokémon,63,1.1,75,98,63,101,grass,,30.5,5
Pansear,513,"['Gluttony', 'Blaze']",High Temp Pokémon,48,0.6,50,53,48,64,fire,,11,5
Simisear,514,"['Gluttony', 'Blaze']",Ember Pokémon,63,1,75,98,63,101,fire,,28,5
Panpour,515,"['Gluttony', 'Torrent']",Spray Pokémon,48,0.6,50,53,48,64,water,,13.5,5
Simipour,516,"['Gluttony', 'Torrent']",Geyser Pokémon,63,1,75,98,63,101,water,,29,5
Munna,517,"['Forewarn', 'Synchronize', 'Telepathy']",Dream Eater Pokémon,45,0.6,76,67,55,24,psychic,,23.3,5
Musharna,518,"['Forewarn', 'Synchronize', 'Telepathy']",Drowsing Pokémon,85,1.1,116,107,95,29,psychic,,60.5,5
Pidove,519,"['Big Pecks', 'Super Luck', 'Rivalry']",Tiny Pigeon Pokémon,50,0.3,50,36,30,43,normal,flying,2.1,5
Tranquill,520,"['Big Pecks', 'Super Luck', 'Rivalry']",Wild Pigeon Pokémon,62,0.6,62,50,42,65,normal,flying,15,5
Unfezant,521,"['Big Pecks', 'Super Luck', 'Rivalry']",Proud Pokémon,80,1.2,80,65,55,93,normal,flying,29,5
Blitzle,522,"['Lightningrod', 'Motor Drive', 'Sap Sipper']",Electrified Pokémon,32,0.8,45,50,32,76,electric,,29.8,5
Zebstrika,523,"['Lightningrod', 'Motor Drive', 'Sap Sipper']",Thunderbolt Pokémon,63,1.6,75,80,63,116,electric,,79.5,5
Roggenrola,524,"['Sturdy', 'Weak Armor', 'Sand Force']",Mantle Pokémon,85,0.4,55,25,25,15,rock,,18,5
Boldore,525,"['Sturdy', 'Weak Armor', 'Sand Force']",Ore Pokémon,105,0.9,70,50,40,20,rock,,102,5
Gigalith,526,"['Sturdy', 'Sand Stream', 'Sand Force']",Compressed Pokémon,130,1.7,85,60,80,25,rock,,260,5
Woobat,527,"['Unaware', 'Klutz', 'Simple']",Bat Pokémon,43,0.4,65,55,43,72,psychic,flying,2.1,5
Swoobat,528,"['Unaware', 'Klutz', 'Simple']",Courting Pokémon,55,0.9,67,77,55,114,psychic,flying,10.5,5
Drilbur,529,"['Sand Rush', 'Sand Force', 'Mold Breaker']",Mole Pokémon,40,0.3,60,30,45,68,ground,,8.5,5
Excadrill,530,"['Sand Rush', 'Sand Force', 'Mold Breaker']",Subterrene Pokémon,60,0.7,110,50,65,88,ground,steel,40.4,5
Audino,531,"['Healer', 'Regenerator', 'Klutz']",Hearing Pokémon,126,1.1,103,80,126,50,normal,,31,5
Timburr,532,"['Guts', 'Sheer Force', 'Iron Fist']",Muscular Pokémon,55,0.6,75,25,35,35,fighting,,12.5,5
Gurdurr,533,"['Guts', 'Sheer Force', 'Iron Fist']",Muscular Pokémon,85,1.2,85,40,50,40,fighting,,40,5
Conkeldurr,534,"['Guts', 'Sheer Force', 'Iron Fist']",Muscular Pokémon,95,1.4,105,55,65,45,fighting,,87,5
Tympole,535,"['Swift Swim', 'Hydration', 'Water Absorb']",Tadpole Pokémon,40,0.5,50,50,40,64,water,,4.5,5
Palpitoad,536,"['Swift Swim', 'Hydration', 'Water Absorb']",Vibration Pokémon,55,0.8,75,65,55,69,water,ground,17,5
Seismitoad,537,"['Swift Swim', 'Poison Touch', 'Water Absorb']",Vibration Pokémon,75,1.5,105,85,75,74,water,ground,62,5
Throh,538,"['Guts', 'Inner Focus', 'Mold Breaker']",Judo Pokémon,85,1.3,120,30,85,45,fighting,,55.5,5
Sawk,539,"['Sturdy', 'Inner Focus', 'Mold Breaker']",Karate Pokémon,75,1.4,75,30,75,85,fighting,,51,5
Sewaddle,540,"['Swarm', 'Chlorophyll', 'Overcoat']",Sewing Pokémon,70,0.3,45,40,60,42,bug,grass,2.5,5
Swadloon,541,"['Leaf Guard', 'Chlorophyll', 'Overcoat']",Leaf-Wrapped Pokémon,90,0.5,55,50,80,42,bug,grass,7.3,5
Leavanny,542,"['Swarm', 'Chlorophyll', 'Overcoat']",Nurturing Pokémon,80,1.2,75,70,80,92,bug,grass,20.5,5
Venipede,543,"['Poison Point', 'Swarm', 'Speed Boost']",Centipede Pokémon,59,0.4,30,30,39,57,bug,poison,5.3,5
Whirlipede,544,"['Poison Point', 'Swarm', 'Speed Boost']",Curlipede Pokémon,99,1.2,40,40,79,47,bug,poison,58.5,5
Scolipede,545,"['Poison Point', 'Swarm', 'Speed Boost']",Megapede Pokémon,89,2.5,60,55,69,112,bug,poison,200.5,5
Cottonee,546,"['Prankster', 'Infiltrator', 'Chlorophyll']",Cotton Puff Pokémon,60,0.3,40,37,50,66,grass,fairy,0.6,5
Whimsicott,547,"['Prankster', 'Infiltrator', 'Chlorophyll']",Windveiled Pokémon,85,0.7,60,77,75,116,grass,fairy,6.6,5
Petilil,548,"['Chlorophyll', 'Own Tempo', 'Leaf Guard']",Bulb Pokémon,50,0.5,45,70,50,30,grass,,6.6,5
Lilligant,549,"['Chlorophyll', 'Own Tempo', 'Leaf Guard']",Flowering Pokémon,75,1.1,70,110,75,90,grass,,16.3,5
Basculin,550,"['Reckless', 'Rock Head', 'Adaptability', 'Mold Breaker']",Hostile Pokémon,65,1,70,80,55,98,water,,18,5
Sandile,551,"['Intimidate', 'Moxie', 'Anger Point']",Desert Croc Pokémon,35,0.7,50,35,35,65,ground,dark,15.2,5
Krokorok,552,"['Intimidate', 'Moxie', 'Anger Point']",Desert Croc Pokémon,45,1,60,45,45,74,ground,dark,33.4,5
Krookodile,553,"['Intimidate', 'Moxie', 'Anger Point']",Intimidation Pokémon,80,1.5,95,65,70,92,ground,dark,96.3,5
Darumaka,554,"['Hustle', 'Inner Focus']",Zen Charm Pokémon,45,0.6,70,15,45,50,fire,,37.5,5
Darmanitan,555,"['Sheer Force', 'Zen Mode']",Blazing Pokémon,105,1.3,105,140,105,55,fire,fire,92.9,5
Maractus,556,"['Water Absorb', 'Chlorophyll', 'Storm Drain']",Cactus Pokémon,67,1,75,106,67,60,grass,,28,5
Dwebble,557,"['Sturdy', 'Shell Armor', 'Weak Armor']",Rock Inn Pokémon,85,0.3,50,35,35,55,bug,rock,14.5,5
Crustle,558,"['Sturdy', 'Shell Armor', 'Weak Armor']",Stone Home Pokémon,125,1.4,70,65,75,45,bug,rock,200,5
Scraggy,559,"['Shed Skin', 'Moxie', 'Intimidate']",Shedding Pokémon,70,0.6,50,35,70,48,dark,fighting,11.8,5
Scrafty,560,"['Shed Skin', 'Moxie', 'Intimidate']",Hoodlum Pokémon,115,1.1,65,45,115,58,dark,fighting,30,5
Sigilyph,561,"['Wonder Skin ', 'Magic Guard', 'Tinted Lens']",Avianoid Pokémon,80,1.4,72,103,80,97,psychic,flying,14,5
Yamask,562,['Mummy'],Spirit Pokémon,85,0.5,38,55,65,30,ghost,,1.5,5
Cofagrigus,563,['Mummy'],Coffin Pokémon,145,1.7,58,95,105,30,ghost,,76.5,5
Tirtouga,564,"['Solid Rock', 'Sturdy', 'Swift Swim']",Prototurtle Pokémon,103,0.7,54,53,45,22,water,rock,16.5,5
Carracosta,565,"['Solid Rock', 'Sturdy', 'Swift Swim']",Prototurtle Pokémon,133,1.2,74,83,65,32,water,rock,81,5
Archen,566,['Defeatist'],First Bird Pokémon,45,0.5,55,74,45,70,rock,flying,9.5,5
Archeops,567,['Defeatist'],First Bird Pokémon,65,1.4,75,112,65,110,rock,flying,32,5
Trubbish,568,"['Stench', 'Sticky Hold', 'Aftermath']",Trash Bag Pokémon,62,0.6,50,40,62,65,poison,,31,5
Garbodor,569,"['Stench', 'Weak Armor', 'Aftermath']",Trash Heap Pokémon,82,1.9,80,60,82,75,poison,,107.3,5
Zorua,570,['Illusion'],Tricky Fox Pokémon,40,0.7,40,80,40,65,dark,,12.5,5
Zoroark,571,['Illusion'],Illusion Fox Pokémon,60,1.6,60,120,60,105,dark,,81.1,5
Minccino,572,"['Cute Charm', 'Technician', 'Skill Link']",Chinchilla Pokémon,40,0.4,55,40,40,75,normal,,5.8,5
Cinccino,573,"['Cute Charm', 'Technician', 'Skill Link']",Scarf Pokémon,60,0.5,75,65,60,115,normal,,7.5,5
Gothita,574,"['Frisk', 'Competitive', 'Shadow Tag']",Fixation Pokémon,50,0.4,45,55,65,45,psychic,,5.8,5
Gothorita,575,"['Frisk', 'Competitive', 'Shadow Tag']",Manipulate Pokémon,70,0.7,60,75,85,55,psychic,,18,5
Gothitelle,576,"['Frisk', 'Competitive', 'Shadow Tag']",Astral Body Pokémon,95,1.5,70,95,110,65,psychic,,44,5
Solosis,577,"['Overcoat', 'Magic Guard', 'Regenerator']",Cell Pokémon,40,0.3,45,105,50,20,psychic,,1,5
Duosion,578,"['Overcoat', 'Magic Guard', 'Regenerator']",Mitosis Pokémon,50,0.6,65,125,60,30,psychic,,8,5
Reuniclus,579,"['Overcoat', 'Magic Guard', 'Regenerator']",Multiplying Pokémon,75,1,110,125,85,30,psychic,,20.1,5
Ducklett,580,"['Keen Eye', 'Big Pecks', 'Hydration']",Water Bird Pokémon,50,0.5,62,44,50,55,water,flying,5.5,5
Swanna,581,"['Keen Eye', 'Big Pecks', 'Hydration']",White Bird Pokémon,63,1.3,75,87,63,98,water,flying,24.2,5
Vanillite,582,"['Ice Body', 'Snow Cloak', 'Weak Armor']",Fresh Snow Pokémon,50,0.4,36,65,60,44,ice,,5.7,5
Vanillish,583,"['Ice Body', 'Snow Cloak', 'Weak Armor']",Icy Snow Pokémon,65,1.1,51,80,75,59,ice,,41,5
Vanilluxe,584,"['Ice Body', 'Snow Warning', 'Weak Armor']",Snowstorm Pokémon,85,1.3,71,110,95,79,ice,,57.5,5
Deerling,585,"['Chlorophyll', 'Sap Sipper', 'Serene Grace']",Season Pokémon,50,0.6,60,40,50,75,normal,grass,19.5,5
Sawsbuck,586,"['Chlorophyll', 'Sap Sipper', 'Serene Grace']",Season Pokémon,70,1.9,80,60,70,95,normal,grass,92.5,5
Emolga,587,"['Static', 'Motor Drive']",Sky Squirrel Pokémon,60,0.4,55,75,60,103,electric,flying,5,5
Karrablast,588,"['Swarm', 'Shed Skin', 'No Guard']",Clamping Pokémon,45,0.5,50,40,45,60,bug,,5.9,5
Escavalier,589,"['Swarm', 'Shell Armor', 'Overcoat']",Cavalry Pokémon,105,1,70,60,105,20,bug,steel,33,5
Foongus,590,"['Effect Spore', 'Regenerator']",Mushroom Pokémon,45,0.2,69,55,55,15,grass,poison,1,5
Amoonguss,591,"['Effect Spore', 'Regenerator']",Mushroom Pokémon,70,0.6,114,85,80,30,grass,poison,10.5,5
Frillish,592,"['Water Absorb', 'Cursed Body', 'Damp']",Floating Pokémon,50,1.2,55,65,85,40,water,ghost,33,5
Jellicent,593,"['Water Absorb', 'Cursed Body', 'Damp']",Floating Pokémon,70,2.2,100,85,105,60,water,ghost,135,5
Alomomola,594,"['Healer', 'Hydration', 'Regenerator']",Caring Pokémon,80,1.2,165,40,45,65,water,,31.6,5
Joltik,595,"['Compoundeyes', 'Unnerve', 'Swarm']",Attaching Pokémon,50,0.1,50,57,50,65,bug,electric,0.6,5
Galvantula,596,"['Compoundeyes', 'Unnerve', 'Swarm']",EleSpider Pokémon,60,0.8,70,97,60,108,bug,electric,14.3,5
Ferroseed,597,['Iron Barbs'],Thorn Seed Pokémon,91,0.6,44,24,86,10,grass,steel,18.8,5
Ferrothorn,598,"['Iron Barbs', 'Anticipation']",Thorn Pod Pokémon,131,1,74,54,116,20,grass,steel,110,5
Klink,599,"['Plus', 'Minus', 'Clear Body']",Gear Pokémon,70,0.3,40,45,60,30,steel,,21,5
Klang,600,"['Plus', 'Minus', 'Clear Body']",Gear Pokémon,95,0.6,60,70,85,50,steel,,51,5
Klinklang,601,"['Plus', 'Minus', 'Clear Body']",Gear Pokémon,115,0.6,60,70,85,90,steel,,81,5
Tynamo,602,['Levitate'],EleFish Pokémon,40,0.2,35,45,40,60,electric,,0.3,5
Eelektrik,603,['Levitate'],EleFish Pokémon,70,1.2,65,75,70,40,electric,,22,5
Eelektross,604,['Levitate'],EleFish Pokémon,80,2.1,85,105,80,50,electric,,80.5,5
Elgyem,605,"['Telepathy', 'Synchronize', 'Analytic']",Cerebral Pokémon,55,0.5,55,85,55,30,psychic,,9,5
Beheeyem,606,"['Telepathy', 'Synchronize', 'Analytic']",Cerebral Pokémon,75,1,75,125,95,40,psychic,,34.5,5
Litwick,607,"['Flash Fire', 'Flame Body', 'Infiltrator']",Candle Pokémon,55,0.3,50,65,55,20,ghost,fire,3.1,5
Lampent,608,"['Flash Fire', 'Flame Body', 'Infiltrator']",Lamp Pokémon,60,0.6,60,95,60,55,ghost,fire,13,5
Chandelure,609,"['Flash Fire', 'Flame Body', 'Infiltrator']",Luring Pokémon,90,1,60,145,90,80,ghost,fire,34.3,5
Axew,610,"['Rivalry', 'Mold Breaker', 'Unnerve']",Tusk Pokémon,60,0.6,46,30,40,57,dragon,,18,5
Fraxure,611,"['Rivalry', 'Mold Breaker', 'Unnerve']",Axe Jaw Pokémon,70,1,66,40,50,67,dragon,,36,5
Haxorus,612,"['Rivalry', 'Mold Breaker', 'Unnerve']",Axe Jaw Pokémon,90,1.8,76,60,70,97,dragon,,105.5,5
Cubchoo,613,"['Snow Cloak', 'Slush Rush', 'Rattled']",Chill Pokémon,40,0.5,55,60,40,40,ice,,8.5,5
Beartic,614,"['Snow Cloak', 'Slush Rush', 'Swift Swim']",Freezing Pokémon,80,2.6,95,70,80,50,ice,,260,5
Cryogonal,615,['Levitate'],Crystallizing Pokémon,50,1.1,80,95,135,105,ice,,148,5
Shelmet,616,"['Hydration', 'Shell Armor', 'Overcoat']",Snail Pokémon,85,0.4,50,40,65,25,bug,,7.7,5
Accelgor,617,"['Hydration', 'Sticky Hold', 'Unburden']",Shell Out Pokémon,40,0.8,80,100,60,145,bug,,25.3,5
Stunfisk,618,"['Static', 'Limber', 'Sand Veil']",Trap Pokémon,84,0.7,109,81,99,32,ground,electric,11,5
Mienfoo,619,"['Inner Focus', 'Regenerator', 'Reckless']",Martial Arts Pokémon,50,0.9,45,55,50,65,fighting,,20,5
Mienshao,620,"['Inner Focus', 'Regenerator', 'Reckless']",Martial Arts Pokémon,60,1.4,65,95,60,105,fighting,,35.5,5
Druddigon,621,"['Rough Skin', 'Sheer Force', 'Mold Breaker']",Cave Pokémon,90,1.6,77,60,90,48,dragon,,139,5
Golett,622,"['Iron Fist', 'Klutz', 'No Guard']",Automaton Pokémon,50,1,59,35,50,35,ground,ghost,92,5
Golurk,623,"['Iron Fist', 'Klutz', 'No Guard']",Automaton Pokémon,80,2.8,89,55,80,55,ground,ghost,330,5
Pawniard,624,"['Defiant', 'Inner Focus', 'Pressure']",Sharp Blade Pokémon,70,0.5,45,40,40,60,dark,steel,10.2,5
Bisharp,625,"['Defiant', 'Inner Focus', 'Pressure']",Sword Blade Pokémon,100,1.6,65,60,70,70,dark,steel,70,5
Bouffalant,626,"['Reckless', 'Sap Sipper', 'Soundproof']",Bash Buffalo Pokémon,95,1.6,95,40,95,55,normal,,94.6,5
Rufflet,627,"['Keen Eye', 'Sheer Force', 'Hustle']",Eaglet Pokémon,50,0.5,70,37,50,60,normal,flying,10.5,5
Braviary,628,"['Keen Eye', 'Sheer Force', 'Defiant']",Valiant Pokémon,75,1.5,100,57,75,80,normal,flying,41,5
Vullaby,629,"['Big Pecks', 'Overcoat', 'Weak Armor']",Diapered Pokémon,75,0.5,70,45,65,60,dark,flying,9,5
Mandibuzz,630,"['Big Pecks', 'Overcoat', 'Weak Armor']",Bone Vulture Pokémon,105,1.2,110,55,95,80,dark,flying,39.5,5
Heatmor,631,"['Gluttony', 'Flash Fire', 'White Smoke']",Anteater Pokémon,66,1.4,85,105,66,65,fire,,58,5
Durant,632,"['Swarm', 'Hustle', 'Truant']",Iron Ant Pokémon,112,0.3,58,48,48,109,bug,steel,33,5
Deino,633,['Hustle'],Irate Pokémon,50,0.8,52,45,50,38,dark,dragon,17.3,5
Zweilous,634,['Hustle'],Hostile Pokémon,70,1.4,72,65,70,58,dark,dragon,50,5
Hydreigon,635,['Levitate'],Brutal Pokémon,90,1.8,92,125,90,98,dark,dragon,160,5
Larvesta,636,"['Flame Body', 'Swarm']",Torch Pokémon,55,1.1,55,50,55,60,bug,fire,28.8,5
Volcarona,637,"['Flame Body', 'Swarm']",Sun Pokémon,65,1.6,85,135,105,100,bug,fire,46,5
Cobalion,638,['Justified'],Iron Will Pokémon,129,2.1,91,90,72,108,steel,fighting,250,5
Terrakion,639,['Justified'],Cavern Pokémon,90,1.9,91,72,90,108,rock,fighting,260,5
Virizion,640,['Justified'],Grassland Pokémon,72,2,91,90,129,108,grass,fighting,200,5
Tornadus,641,"['Prankster', 'Defiant', 'Regenerator']",Cyclone Pokémon,80,1.5,79,110,90,121,flying,,63,5
Thundurus,642,"['Prankster', 'Defiant', 'Volt Absorb']",Bolt Strike Pokémon,70,1.5,79,145,80,101,electric,flying,61,5
Reshiram,643,['Turboblaze'],Vast White Pokémon,100,3.2,100,150,120,90,dragon,fire,330,5
Zekrom,644,['Teravolt'],Deep Black Pokémon,120,2.9,100,120,100,90,dragon,electric,345,5
Landorus,645,"['Sand Force', 'Sheer Force', 'Intimidate']",Abundance Pokémon,90,1.5,89,105,80,91,ground,flying,68,5
Kyurem,646,"['Pressure', 'Teravolt', 'Turboblaze']",Boundary Pokémon,90,3,125,170,100,95,dragon,ice,325,5
Keldeo,647,['Justified'],Colt Pokémon,90,1.4,91,129,90,108,water,fighting,48.5,5
Meloetta,648,['Serene Grace'],Melody Pokémon,90,0.6,100,77,77,128,normal,psychic,6.5,5
Genesect,649,['Download'],Paleozoic Pokémon,95,1.5,71,120,95,99,bug,steel,82.5,5
Chespin,650,"['Overgrow', 'Bulletproof']",Spiky Nut Pokémon,65,0.4,56,48,45,38,grass,,9,6
Quilladin,651,"['Overgrow', 'Bulletproof']",Spiny Armor Pokémon,95,0.7,61,56,58,57,grass,,29,6
Chesnaught,652,"['Overgrow', 'Bulletproof']",Spiny Armor Pokémon,122,1.6,88,74,75,64,grass,fighting,90,6
Fennekin,653,"['Blaze', 'Magician']",Fox Pokémon,40,0.4,40,62,60,60,fire,,9.4,6
Braixen,654,"['Blaze', 'Magician']",Fox Pokémon,58,1,59,90,70,73,fire,,14.5,6
Delphox,655,"['Blaze', 'Magician']",Fox Pokémon,72,1.5,75,114,100,104,fire,psychic,39,6
Froakie,656,"['Torrent', 'Protean']",Bubble Frog Pokémon,40,0.3,41,62,44,71,water,,7,6
Frogadier,657,"['Torrent', 'Protean']",Bubble Frog Pokémon,52,0.6,54,83,56,97,water,,10.9,6
Greninja,658,"['Torrent', 'Protean', 'Battle Bond']",Ninja Pokémon,67,1.5,72,153,71,132,water,dark,40,6
Bunnelby,659,"['Pickup', 'Cheek Pouch', 'Huge Power']",Digging Pokémon,38,0.4,38,32,36,57,normal,,5,6
Diggersby,660,"['Pickup', 'Cheek Pouch', 'Huge Power']",Digging Pokémon,77,1,85,50,77,78,normal,ground,42.4,6
Fletchling,661,"['Big Pecks', 'Gale Wings']",Tiny Robin Pokémon,43,0.3,45,40,38,62,normal,flying,1.7,6
Fletchinder,662,"['Flame Body', 'Gale Wings']",Ember Pokémon,55,0.7,62,56,52,84,fire,flying,16,6
Talonflame,663,"['Flame Body', 'Gale Wings']",Scorching Pokémon,71,1.2,78,74,69,126,fire,flying,24.5,6
Scatterbug,664,"['Shield Dust', 'Compoundeyes', 'Friend Guard']",Scatterdust Pokémon,40,0.3,38,27,25,35,bug,,2.5,6
Spewpa,665,"['Shed Skin', 'Friend Guard']",Scatterdust Pokémon,60,0.3,45,27,30,29,bug,,8.4,6
Vivillon,666,"['Shield Dust', 'Compoundeyes', 'Friend Guard']",Scale Pokémon,50,1.2,80,90,50,89,bug,flying,17,6
Litleo,667,"['Rivalry', 'Unnerve', 'Moxie']",Lion Cub Pokémon,58,0.6,62,73,54,72,fire,normal,13.5,6
Pyroar,668,"['Rivalry', 'Unnerve', 'Moxie']",Royal Pokémon,72,1.5,86,109,66,106,fire,normal,81.5,6
Flabébé,669,"['Flower Veil', 'Symbiosis']",Single Bloom Pokémon,39,0.1,44,61,79,42,fairy,,0.1,6
Floette,670,"['Flower Veil', 'Symbiosis']",Fairy Pokémon,67,0.2,74,125,128,92,fairy,,0.9,6
Florges,671,"['Flower Veil', 'Symbiosis']",Garden Pokémon,68,1.1,78,112,154,75,fairy,,10,6
Skiddo,672,"['Sap Sipper', 'Grass Pelt']",Mount Pokémon,48,0.9,66,62,57,52,grass,,31,6
Gogoat,673,"['Sap Sipper', 'Grass Pelt']",Mount Pokémon,62,1.7,123,97,81,68,grass,,91,6
Pancham,674,"['Iron Fist', 'Mold Breaker', 'Scrappy']",Playful Pokémon,62,0.6,67,46,48,43,fighting,,8,6
Pangoro,675,"['Iron Fist', 'Mold Breaker', 'Scrappy']",Daunting Pokémon,78,2.1,95,69,71,58,fighting,dark,136,6
Furfrou,676,['Fur Coat'],Poodle Pokémon,60,1.2,75,65,90,102,normal,,28,6
Espurr,677,"['Keen Eye', 'Infiltrator', 'Own Tempo']",Restraint Pokémon,54,0.3,62,63,60,68,psychic,,3.5,6
Meowstic,678,"['Keen Eye', 'Infiltrator', 'Prankster', 'Competitive']",Constraint Pokémon,76,0.6,74,83,81,104,psychic,,8.5,6
Honedge,679,['No Guard'],Sword Pokémon,100,0.8,45,35,37,28,steel,ghost,2,6
Doublade,680,['No Guard'],Sword Pokémon,150,0.8,59,45,49,35,steel,ghost,4.5,6
Aegislash,681,['Stance Change'],Royal Sword Pokémon,50,1.7,60,150,50,60,steel,ghost,53,6
Spritzee,682,"['Healer', 'Aroma Veil']",Perfume Pokémon,60,0.2,78,63,65,23,fairy,,0.5,6
Aromatisse,683,"['Healer', 'Aroma Veil']",Fragrance Pokémon,72,0.8,101,99,89,29,fairy,,15.5,6
Swirlix,684,"['Sweet Veil', 'Unburden']",Cotton Candy Pokémon,66,0.4,62,59,57,49,fairy,,3.5,6
Slurpuff,685,"['Sweet Veil', 'Unburden']",Meringue Pokémon,86,0.8,82,85,75,72,fairy,,5,6
Inkay,686,"['Contrary', 'Suction Cups', 'Infiltrator']",Revolving Pokémon,53,0.4,53,37,46,45,dark,psychic,3.5,6
Malamar,687,"['Contrary', 'Suction Cups', 'Infiltrator']",Overturning Pokémon,88,1.5,86,68,75,73,dark,psychic,47,6
Binacle,688,"['Tough Claws', 'Sniper', 'Pickpocket']",Two-Handed Pokémon,67,0.5,42,39,56,50,rock,water,31,6
Barbaracle,689,"['Tough Claws', 'Sniper', 'Pickpocket']",Collective Pokémon,115,1.3,72,54,86,68,rock,water,96,6
Skrelp,690,"['Poison Point', 'Poison Touch', 'Adaptability']",Mock Kelp Pokémon,60,0.5,50,60,60,30,poison,water,7.3,6
Dragalge,691,"['Poison Point', 'Poison Touch', 'Adaptability']",Mock Kelp Pokémon,90,1.8,65,97,123,44,poison,dragon,81.5,6
Clauncher,692,['Mega Launcher'],Water Gun Pokémon,62,0.5,50,58,63,44,water,,8.3,6
Clawitzer,693,['Mega Launcher'],Howitzer Pokémon,88,1.3,71,120,89,59,water,,35.3,6
Helioptile,694,"['Dry Skin', 'Sand Veil', 'Solar Power']",Generator Pokémon,33,0.5,44,61,43,70,electric,normal,6,6
Heliolisk,695,"['Dry Skin', 'Sand Veil', 'Solar Power']",Generator Pokémon,52,1,62,109,94,109,electric,normal,21,6
Tyrunt,696,"['Strong Jaw', 'Sturdy']",Royal Heir Pokémon,77,0.8,58,45,45,48,rock,dragon,26,6
Tyrantrum,697,"['Strong Jaw', 'Rock Head']",Despot Pokémon,119,2.5,82,69,59,71,rock,dragon,270,6
Amaura,698,"['Refrigerate', 'Snow Warning']",Tundra Pokémon,50,1.3,77,67,63,46,rock,ice,25.2,6
Aurorus,699,"['Refrigerate', 'Snow Warning']",Tundra Pokémon,72,2.7,123,99,92,58,rock,ice,225,6
Sylveon,700,"['Cute Charm', 'Pixilate']",Intertwining Pokémon,65,1,95,110,130,60,fairy,,23.5,6
Hawlucha,701,"['Limber', 'Unburden', 'Mold Breaker']",Wrestling Pokémon,75,0.8,78,74,63,118,fighting,flying,21.5,6
Dedenne,702,"['Cheek Pouch', 'Pickup', 'Plus']",Antenna Pokémon,57,0.2,67,81,67,101,electric,fairy,2.2,6
Carbink,703,"['Clear Body', 'Sturdy']",Jewel Pokémon,150,0.3,50,50,150,50,rock,fairy,5.7,6
Goomy,704,"['Sap Sipper', 'Hydration', 'Gooey']",Soft Tissue Pokémon,35,0.3,45,55,75,40,dragon,,2.8,6
Sliggoo,705,"['Sap Sipper', 'Hydration', 'Gooey']",Soft Tissue Pokémon,53,0.8,68,83,113,60,dragon,,17.5,6
Goodra,706,"['Sap Sipper', 'Hydration', 'Gooey']",Dragon Pokémon,70,2,90,110,150,80,dragon,,150.5,6
Klefki,707,"['Prankster', 'Magician']",Key Ring Pokémon,91,0.2,57,80,87,75,steel,fairy,3,6
Phantump,708,"['Natural Cure', 'Frisk', 'Harvest']",Stump Pokémon,48,0.4,43,50,60,38,ghost,grass,7,6
Trevenant,709,"['Natural Cure', 'Frisk', 'Harvest']",Elder Tree Pokémon,76,1.5,85,65,82,56,ghost,grass,71,6
Pumpkaboo,710,"['Pickup', 'Frisk', 'Insomnia']",Pumpkin Pokémon,70,0.8,59,44,55,41,ghost,grass,15,6
Gourgeist,711,"['Pickup', 'Frisk', 'Insomnia']",Pumpkin Pokémon,122,1.7,85,58,75,54,ghost,grass,39,6
Bergmite,712,"['Own Tempo', 'Ice Body', 'Sturdy']",Ice Chunk Pokémon,85,1,55,32,35,28,ice,,99.5,6
Avalugg,713,"['Own Tempo', 'Ice Body', 'Sturdy']",Iceberg Pokémon,184,2,95,44,46,28,ice,,505,6
Noibat,714,"['Frisk', 'Infiltrator', 'Telepathy']",Sound Wave Pokémon,35,0.5,40,45,40,55,flying,dragon,8,6
Noivern,715,"['Frisk', 'Infiltrator', 'Telepathy']",Sound Wave Pokémon,80,1.5,85,97,80,123,flying,dragon,85,6
Xerneas,716,['Fairy Aura'],Life Pokémon,95,3,126,131,98,99,fairy,,215,6
Yveltal,717,['Dark Aura'],Destruction Pokémon,95,5.8,126,131,98,99,dark,flying,203,6
Zygarde,718,"['Aura Break', 'Power Construct']",Order Pokémon,121,5,216,91,95,85,dragon,ground,284.6,6
Diancie,719,['Clear Body'],Jewel Pokémon,110,0.7,50,160,110,110,rock,fairy,8.8,6
Hoopa,720,['Magician'],Mischief Pokémon (Confined)Djinn Pokémonn (Unbound),60,,80,170,130,80,psychic,ghost,,6
Volcanion,721,['Water Absorb'],Steam Pokémon,120,1.7,80,130,90,70,fire,water,195,6
Rowlet,722,"['Overgrow', 'Long Reach']",Grass Quill Pokémon,55,0.3,68,50,50,42,grass,flying,1.5,7
Dartrix,723,"['Overgrow', 'Long Reach']",Blade Quill Pokémon,75,0.7,78,70,70,52,grass,flying,16,7
Decidueye,724,"['Overgrow', 'Long Reach']",Arrow Quill Pokémon,75,1.6,78,100,100,70,grass,ghost,36.6,7
Litten,725,"['Blaze', 'Intimidate']",Fire Cat Pokémon,40,0.4,45,60,40,70,fire,,4.3,7
Torracat,726,"['Blaze', 'Intimidate']",Fire Cat Pokémon,50,0.7,65,80,50,90,fire,,25,7
Incineroar,727,"['Blaze', 'Intimidate']",Heel Pokémon,90,1.8,95,80,90,60,fire,dark,83,7
Popplio,728,"['Torrent', 'Liquid Voice']",Sea Lion Pokémon,54,0.4,50,66,56,40,water,,7.5,7
Brionne,729,"['Torrent', 'Liquid Voice']",Pop Star Pokémon,69,0.6,60,91,81,50,water,,17.5,7
Primarina,730,"['Torrent', 'Liquid Voice']",Soloist Pokémon,74,1.8,80,126,116,60,water,fairy,44,7
Pikipek,731,"['Keen Eye', 'Skill Link', 'Pickup']",Woodpecker Pokémon,30,0.3,35,30,30,65,normal,flying,1.2,7
Trumbeak,732,"['Keen Eye', 'Skill Link', 'Pickup']",Bugle Beak Pokémon,50,0.6,55,40,50,75,normal,flying,14.8,7
Toucannon,733,"['Keen Eye', 'Skill Link', 'Sheer Force']",Cannon Pokémon,75,1.1,80,75,75,60,normal,flying,26,7
Yungoos,734,"['Stakeout', 'Strong Jaw', 'Adaptability']",Loitering Pokémon,30,0.4,48,30,30,45,normal,,6,7
Gumshoos,735,"['Stakeout', 'Strong Jaw', 'Adaptability']",Stakeout Pokémon,60,0.7,88,55,60,45,normal,,14.2,7
Grubbin,736,['Swarm'],Larva Pokémon,45,0.4,47,55,45,46,bug,,4.4,7
Charjabug,737,['Battery'],Battery Pokémon,95,0.5,57,55,75,36,bug,electric,10.5,7
Vikavolt,738,['Levitate'],Stag Beetle Pokémon,90,1.5,77,145,75,43,bug,electric,45,7
Crabrawler,739,"['Hyper Cutter', 'Iron Fist', 'Anger Point']",Boxing Pokémon,57,0.6,47,42,47,63,fighting,,7,7
Crabominable,740,"['Hyper Cutter', 'Iron Fist', 'Anger Point']",Woolly Crab Pokémon,77,1.7,97,62,67,43,fighting,ice,180,7
Oricorio,741,['Dancer'],Dancing Pokémon,70,0.6,75,98,70,93,fire,flying,3.4,7
Cutiefly,742,"['Honey Gather', 'Shield Dust', 'Sweet Veil']",Bee Fly Pokémon,40,0.1,40,55,40,84,bug,fairy,0.2,7
Ribombee,743,"['Honey Gather', 'Shield Dust', 'Sweet Veil']",Bee Fly Pokémon,60,0.2,60,95,70,124,bug,fairy,0.5,7
Rockruff,744,"['Keen Eye', 'Vital Spirit', 'Steadfast']",Puppy Pokémon,40,0.5,45,30,40,60,rock,,9.2,7
Lycanroc,745,"['Keen Eye', 'Sand Rush', 'Steadfast', 'Keen Eye', 'Vital Spirit', 'No Guard']",Wolf Pokémon,75,,85,55,75,82,rock,,,7
Wishiwashi,746,['Schooling'],Small Fry Pokémon,130,0.2,45,140,135,30,water,,0.3,7
Mareanie,747,"['Merciless', 'Limber', 'Regenerator']",Brutal Star Pokémon,62,0.4,50,43,52,45,poison,water,8,7
Toxapex,748,"['Merciless', 'Limber', 'Regenerator']",Brutal Star Pokémon,152,0.7,50,53,142,35,poison,water,14.5,7
Mudbray,749,"['Own Tempo', 'Stamina', 'Inner Focus']",Donkey Pokémon,70,1,70,45,55,45,ground,,110,7
Mudsdale,750,"['Own Tempo', 'Stamina', 'Inner Focus']",Draft Horse Pokémon,100,2.5,100,55,85,35,ground,,920,7
Dewpider,751,"['Water Bubble', 'Water Absorb']",Water Bubble Pokémon,52,0.3,38,40,72,27,water,bug,4,7
Araquanid,752,"['Water Bubble', 'Water Absorb']",Water Bubble Pokémon,92,1.8,68,50,132,42,water,bug,82,7
Fomantis,753,"['Leaf Guard', 'Contrary']",Sickle Grass Pokémon,35,0.3,40,50,35,35,grass,,1.5,7
Lurantis,754,"['Leaf Guard', 'Contrary']",Bloom Sickle Pokémon,90,0.9,70,80,90,45,grass,,18.5,7
Morelull,755,"['Illuminate', 'Effect Spore', 'Rain Dish']",Illuminating Pokémon,55,0.2,40,65,75,15,grass,fairy,1.5,7
Shiinotic,756,"['Illuminate', 'Effect Spore', 'Rain Dish']",Illuminating Pokémon,80,1,60,90,100,30,grass,fairy,11.5,7
Salandit,757,"['Corrosion', 'Oblivious']",Toxic Lizard Pokémon,40,0.6,48,71,40,77,poison,fire,4.8,7
Salazzle,758,"['Corrosion', 'Oblivious']",Toxic Lizard Pokémon,60,1.2,68,111,60,117,poison,fire,22.2,7
Stufful,759,"['Fluffy', 'Klutz', 'Cute Charm']",Flailing Pokémon,50,0.5,70,45,50,50,normal,fighting,6.8,7
Bewear,760,"['Fluffy', 'Klutz', 'Unnerve']",Strong Arm Pokémon,80,2.1,120,55,60,60,normal,fighting,135,7
Bounsweet,761,"['Leaf Guard', 'Oblivious', 'Sweet Veil']",Fruit Pokémon,38,0.3,42,30,38,32,grass,,3.2,7
Steenee,762,"['Leaf Guard', 'Oblivious', 'Sweet Veil']",Fruit Pokémon,48,0.7,52,40,48,62,grass,,8.2,7
Tsareena,763,"['Leaf Guard', 'Queenly Majesty', 'Sweet Veil']",Fruit Pokémon,98,1.2,72,50,98,72,grass,,21.4,7
Comfey,764,"['Flower Veil', 'Triage', 'Natural Cure']",Posy Picker Pokémon,90,0.1,51,82,110,100,fairy,,0.3,7
Oranguru,765,"['Inner Focus', 'Telepathy', 'Symbiosis']",Sage Pokémon,80,1.5,90,90,110,60,normal,psychic,76,7
Passimian,766,"['Receiver', 'Defiant']",Teamwork Pokémon,90,2,100,40,60,80,fighting,,82.8,7
Wimpod,767,['Wimp Out'],Turn Tail Pokémon,40,0.5,25,20,30,80,bug,water,12,7
Golisopod,768,['Emergency Exit'],Hard Scale Pokémon,140,2,75,60,90,40,bug,water,108,7
Sandygast,769,"['Water Compaction', 'Sand Veil']",Sand Heap Pokémon,80,0.5,55,70,45,15,ghost,ground,70,7
Palossand,770,"['Water Compaction', 'Sand Veil']",Sand Castle Pokémon,110,1.3,85,100,75,35,ghost,ground,250,7
Pyukumuku,771,"['Innards Out', 'Unaware']",Sea Cucumber Pokémon,130,0.3,55,30,130,5,water,,1.2,7
Type: Null,772,['Battle Armor'],Synthetic Pokémon,95,1.9,95,95,95,59,normal,,120.5,7
Silvally,773,['RKS System'],Synthetic Pokémon,95,2.3,95,95,95,95,normal,,100.5,7
Minior,774,['Shields Down'],Meteor Pokémon,60,0.3,60,100,60,120,rock,flying,40,7
Komala,775,['Comatose'],Drowsing Pokémon,65,0.4,65,75,95,65,normal,,19.9,7
Turtonator,776,['Shell Armor'],Blast Turtle Pokémon,135,2,60,91,85,36,fire,dragon,212,7
Togedemaru,777,"['Iron Barbs', 'Lightningrod', 'Sturdy']",Roly-Poly Pokémon,63,0.3,65,40,73,96,electric,steel,3.3,7
Mimikyu,778,['Disguise'],Disguise Pokémon,80,0.2,55,50,105,96,ghost,fairy,0.7,7
Bruxish,779,"['Dazzling', 'Strong Jaw', 'Wonder Skin ']",Gnash Teeth Pokémon,70,0.9,68,70,70,92,water,psychic,19,7
Drampa,780,"['Berserk', 'Sap Sipper', 'Cloud Nine']",Placid Pokémon,85,3,78,135,91,36,normal,dragon,185,7
Dhelmise,781,['Steelworker'],Sea Creeper Pokémon,100,3.9,70,86,90,40,ghost,grass,210,7
Jangmo-o,782,"['Bulletproof', 'Soundproof', 'Overcoat']",Scaly Pokémon,65,0.6,45,45,45,45,dragon,,29.7,7
Hakamo-o,783,"['Bulletproof', 'Soundproof', 'Overcoat']",Scaly Pokémon,90,1.2,55,65,70,65,dragon,fighting,47,7
Kommo-o,784,"['Bulletproof', 'Soundproof', 'Overcoat']",Scaly Pokémon,125,1.6,75,100,105,85,dragon,fighting,78.2,7
Tapu Koko,785,"['Electric Surge', 'Telepathy']",Land Spirit Pokémon,85,1.8,70,95,75,130,electric,fairy,20.5,7
Tapu Lele,786,"['Psychic Surge', 'Telepathy']",Land Spirit Pokémon,75,1.2,70,130,115,95,psychic,fairy,18.6,7
Tapu Bulu,787,"['Grassy Surge', 'Telepathy']",Land Spirit Pokémon,115,1.9,70,85,95,75,grass,fairy,45.5,7
Tapu Fini,788,"['Misty Surge', 'Telepathy']",Land Spirit Pokémon,115,1.3,70,95,130,85,water,fairy,21.2,7
Cosmog,789,['Unaware'],Nebula Pokémon,31,0.2,43,29,31,37,psychic,,0.1,7
Cosmoem,790,['Sturdy'],Protostar Pokémon,131,0.1,43,29,131,37,psychic,,999.9,7
Solgaleo,791,['Full Metal Body'],Sunne Pokémon,107,3.4,137,113,89,97,psychic,steel,230,7
Lunala,792,['Shadow Shield'],Moone Pokémon,89,4,137,137,107,97,psychic,ghost,120,7
Nihilego,793,['Beast Boost'],Parasite Pokémon,47,1.2,109,127,131,103,rock,poison,55.5,7
Buzzwole,794,['Beast Boost'],Swollen Pokémon,139,2.4,107,53,53,79,bug,fighting,333.6,7
Pheromosa,795,['Beast Boost'],Lissome Pokémon,37,1.8,71,137,37,151,bug,fighting,25,7
Xurkitree,796,['Beast Boost'],Glowing Pokémon,71,3.8,83,173,71,83,electric,,100,7
Celesteela,797,['Beast Boost'],Launch Pokémon,103,9.2,97,107,101,61,steel,flying,999.9,7
Kartana,798,['Beast Boost'],Drawn Sword Pokémon,131,0.3,59,59,31,109,grass,steel,0.1,7
Guzzlord,799,['Beast Boost'],Junkivore Pokémon,53,5.5,223,97,53,43,dark,dragon,888,7
Necrozma,800,['Prism Armor'],Prism Pokémon,101,2.4,97,127,89,79,psychic,,230,7
Magearna,801,['Soul-Heart'],Artificial Pokémon,115,1,80,130,115,65,steel,fairy,80.5,7
